{"type":"FeatureCollection","features":[{"type":"Feature","properties":{"code":"Kherson Oblast","name_uk":"Херсонська область","alert_key":"Херсонська область"},"geometry":{"type":"MultiPolygon","coordinates":[[[[35.233,45.792],[35.215,45.84],[35.174,45.887],[35.151,45.932],[35.242,45.945],[35.327,45.985],[35.369,46.023],[35.391,46.058],[35.441,46.101],[35.468,46.146],[35.278,46.265],[35.227,46.281],[35.128,46.302],[35.074,46.3],[35.069,46.33],[35.058,46.376],[35.071,46.38],[35.022,46.479],[34.948,46.503],[34.89,46.507],[34.895,46.538],[34.758,46.549],[34.723,46.581],[34.756,46.627],[34.685,46.677],[34.681,46.692],[34.625,46.724],[34.659,46.74],[34.735,46.757],[34.75,46.781],[34.758,46.823],[34.813,46.834],[34.753,46.88],[34.685,46.956],[34.654,46.977],[34.624,46.973],[34.617,46.993],[34.592,47.027],[34.553,47.106],[34.491,47.241],[34.53,47.251],[34.524,47.267],[34.488,47.28],[34.479,47.315],[34.515,47.323],[34.509,47.325],[34.516,47.333],[34.512,47.339],[34.5,47.339],[34.492,47.332],[34.419,47.301],[34.401,47.287],[34.358,47.293],[34.305,47.269],[34.3,47.272],[34.283,47.318],[34.283,47.326],[34.26,47.361],[34.256,47.394],[34.243,47.434],[34.218,47.453],[34.139,47.477],[34.003,47.457],[33.987,47.458],[33.955,47.458],[33.947,47.501],[33.941,47.515],[33.907,47.512],[33.636,47.514],[33.605,47.504],[33.58,47.532],[33.587,47.541],[33.589,47.558],[33.605,47.575],[33.588,47.589],[33.58,47.6],[33.486,47.544],[33.323,47.524],[33.349,47.494],[33.307,47.486],[33.315,47.491],[33.296,47.504],[33.279,47.52],[33.288,47.532],[33.286,47.544],[33.273,47.546],[33.256,47.536],[33.231,47.529],[33.223,47.531],[33.215,47.534],[33.222,47.545],[33.23,47.555],[33.237,47.572],[33.23,47.578],[33.209,47.57],[33.185,47.573],[33.093,47.579],[33.095,47.528],[33.142,47.543],[33.123,47.508],[33.125,47.476],[33.138,47.42],[33.071,47.475],[33.047,47.468],[33.034,47.442],[33.029,47.423],[33.039,47.38],[33.132,47.346],[33.133,47.332],[33.103,47.322],[33.11,47.297],[33.102,47.291],[33.119,47.282],[33.14,47.272],[33.183,47.239],[33.172,47.234],[33.163,47.232],[33.164,47.235],[33.153,47.235],[33.134,47.233],[33.127,47.224],[33.134,47.213],[33.139,47.206],[33.118,47.204],[33.104,47.213],[33.097,47.224],[33.08,47.22],[33.074,47.218],[33.066,47.219],[33.055,47.192],[33.036,47.182],[33.037,47.178],[33.014,47.18],[33.013,47.188],[33.005,47.196],[33.001,47.193],[33.002,47.189],[32.989,47.19],[32.989,47.194],[32.961,47.19],[32.947,47.162],[32.92,47.146],[32.919,47.133],[32.907,47.121],[32.915,47.105],[32.91,47.094],[32.924,47.086],[33.069,47.022],[32.95,47.003],[32.942,46.974],[32.976,46.949],[32.922,46.927],[32.925,46.91],[32.839,46.896],[32.842,46.892],[32.841,46.882],[32.915,46.883],[32.946,46.869],[32.872,46.847],[32.815,46.835],[32.779,46.825],[32.767,46.821],[32.748,46.826],[32.701,46.821],[32.688,46.862],[32.615,46.854],[32.611,46.859],[32.584,46.86],[32.578,46.863],[32.57,46.873],[32.544,46.883],[32.542,46.85],[32.532,46.824],[32.463,46.84],[32.365,46.829],[32.342,46.795],[32.228,46.845],[32.252,46.82],[32.21,46.806],[32.169,46.764],[32.112,46.745],[32.057,46.745],[32.076,46.73],[32.072,46.682],[32.021,46.678],[31.987,46.664],[31.94,46.651],[31.833,46.5],[31.814,46.493],[31.831,46.353],[31.159,46.41],[31.237,46.403],[31.232,46.36],[31.24,46.318],[31.246,46.257],[31.265,46.218],[31.296,46.182],[31.344,46.147],[31.409,46.098],[31.459,46.076],[31.537,46.059],[31.616,46.036],[31.68,46.03],[31.745,46.016],[31.804,46.012],[31.892,45.997],[31.948,45.98],[32.024,45.962],[32.099,45.945],[32.165,45.934],[32.248,45.92],[32.312,45.899],[32.377,45.89],[32.447,45.871],[32.528,45.865],[32.618,45.847],[32.714,45.833],[32.773,45.827],[33.541,46.012],[33.572,46.103],[33.641,46.142],[33.615,46.226],[33.665,46.221],[33.7,46.203],[33.75,46.188],[33.797,46.203],[33.849,46.2],[33.905,46.165],[33.985,46.135],[34.053,46.109],[34.081,46.118],[34.131,46.1],[34.184,46.067],[34.33,46.061],[34.347,46.055],[34.411,45.999],[34.437,45.967],[34.476,45.944],[34.498,45.943],[34.527,45.959],[34.545,45.979],[34.561,45.994],[34.601,45.994],[34.655,45.975],[34.754,45.909],[34.799,45.81],[34.941,45.766],[34.975,45.762],[35.233,45.792]]]]}},{"type":"Feature","properties":{"code":"Volyn Oblast","name_uk":"Волинська область","alert_key":"Волинська область"},"geometry":{"type":"MultiPolygon","coordinates":[[[[25.113,50.287],[25.102,50.295],[25.107,50.3],[25.11,50.305],[25.132,50.311],[25.166,50.331],[25.146,50.344],[25.144,50.362],[25.141,50.369],[25.151,50.37],[25.156,50.372],[25.16,50.376],[25.162,50.379],[25.168,50.377],[25.173,50.375],[25.18,50.366],[25.183,50.362],[25.188,50.363],[25.195,50.362],[25.199,50.363],[25.206,50.368],[25.204,50.372],[25.206,50.374],[25.207,50.38],[25.206,50.381],[25.202,50.386],[25.198,50.393],[25.181,50.396],[25.17,50.395],[25.172,50.401],[25.171,50.408],[25.168,50.417],[25.163,50.418],[25.157,50.425],[25.153,50.429],[25.149,50.429],[25.144,50.428],[25.139,50.429],[25.136,50.434],[25.142,50.438],[25.146,50.439],[25.147,50.441],[25.153,50.443],[25.138,50.453],[25.135,50.46],[25.113,50.465],[25.084,50.475],[25.104,50.471],[25.137,50.468],[25.15,50.467],[25.159,50.486],[25.153,50.511],[25.144,50.521],[25.123,50.54],[25.122,50.554],[25.153,50.547],[25.189,50.546],[25.23,50.541],[25.244,50.534],[25.27,50.533],[25.296,50.539],[25.298,50.543],[25.308,50.545],[25.321,50.569],[25.307,50.581],[25.303,50.591],[25.297,50.598],[25.298,50.604],[25.293,50.611],[25.312,50.629],[25.327,50.613],[25.35,50.61],[25.393,50.608],[25.394,50.608],[25.406,50.611],[25.393,50.62],[25.388,50.625],[25.383,50.629],[25.386,50.63],[25.378,50.632],[25.371,50.634],[25.366,50.637],[25.363,50.643],[25.357,50.64],[25.352,50.641],[25.353,50.649],[25.357,50.645],[25.363,50.652],[25.371,50.651],[25.383,50.655],[25.387,50.658],[25.389,50.665],[25.382,50.681],[25.38,50.685],[25.372,50.685],[25.38,50.691],[25.4,50.672],[25.407,50.669],[25.463,50.67],[25.47,50.68],[25.475,50.672],[25.503,50.681],[25.53,50.685],[25.564,50.692],[25.579,50.7],[25.598,50.696],[25.597,50.717],[25.607,50.718],[25.694,50.725],[25.695,50.704],[25.707,50.693],[25.708,50.679],[25.743,50.67],[25.75,50.672],[25.765,50.675],[25.793,50.667],[25.818,50.628],[25.83,50.62],[25.827,50.641],[25.851,50.669],[25.869,50.687],[25.879,50.709],[25.877,50.752],[25.891,50.799],[25.903,50.832],[25.91,50.833],[25.923,50.832],[25.933,50.831],[25.943,50.827],[25.955,50.83],[25.969,50.826],[25.993,50.825],[26.013,50.824],[26.03,50.84],[26.037,50.846],[26.012,50.866],[26.0,50.862],[26.001,50.935],[25.984,50.961],[26.001,50.965],[26.048,50.972],[26.063,50.971],[26.077,50.971],[26.081,50.986],[26.079,50.99],[26.088,51.004],[26.091,51.051],[25.999,51.078],[25.941,51.085],[25.945,51.085],[25.945,51.094],[25.95,51.103],[25.938,51.115],[25.96,51.126],[25.98,51.123],[26.012,51.131],[26.047,51.142],[26.067,51.148],[26.061,51.166],[26.068,51.177],[25.996,51.228],[25.945,51.237],[25.945,51.242],[25.945,51.245],[25.948,51.251],[25.939,51.258],[25.931,51.266],[25.935,51.273],[25.938,51.272],[25.938,51.278],[25.929,51.279],[25.922,51.281],[25.92,51.286],[25.916,51.289],[25.903,51.291],[25.893,51.291],[25.899,51.3],[25.889,51.295],[25.887,51.299],[25.885,51.301],[25.885,51.303],[25.883,51.304],[25.878,51.309],[25.876,51.315],[25.869,51.318],[25.865,51.318],[25.857,51.321],[25.853,51.321],[25.847,51.32],[25.833,51.33],[25.83,51.334],[25.823,51.343],[25.824,51.35],[25.832,51.359],[25.825,51.366],[25.837,51.373],[25.841,51.374],[25.831,51.387],[25.789,51.379],[25.755,51.381],[25.725,51.4],[25.717,51.389],[25.725,51.381],[25.711,51.382],[25.701,51.377],[25.691,51.383],[25.701,51.387],[25.69,51.393],[25.679,51.409],[25.672,51.417],[25.656,51.419],[25.636,51.439],[25.642,51.479],[25.624,51.495],[25.61,51.507],[25.594,51.507],[25.556,51.501],[25.595,51.525],[25.583,51.533],[25.574,51.555],[25.596,51.562],[25.591,51.57],[25.599,51.581],[25.586,51.592],[25.579,51.609],[25.555,51.624],[25.544,51.616],[25.53,51.631],[25.567,51.627],[25.589,51.644],[25.618,51.653],[25.627,51.666],[25.635,51.674],[25.639,51.682],[25.646,51.691],[25.651,51.704],[25.666,51.72],[25.662,51.73],[25.675,51.745],[25.67,51.773],[25.656,51.764],[25.65,51.767],[25.659,51.784],[25.647,51.791],[25.632,51.804],[25.636,51.808],[25.642,51.816],[25.648,51.817],[25.647,51.821],[25.648,51.826],[25.638,51.837],[25.655,51.86],[25.688,51.881],[25.677,51.902],[25.628,51.905],[25.601,51.915],[25.597,51.918],[25.592,51.926],[25.518,51.926],[25.5,51.928],[25.488,51.93],[25.485,51.922],[25.465,51.919],[25.459,51.921],[25.41,51.922],[25.37,51.928],[25.359,51.935],[25.343,51.933],[25.321,51.941],[25.309,51.949],[25.291,51.956],[25.271,51.963],[25.245,51.967],[25.227,51.961],[25.191,51.969],[25.165,51.963],[25.142,51.953],[25.1,51.953],[25.08,51.947],[25.055,51.937],[24.995,51.915],[24.978,51.903],[24.934,51.891],[24.904,51.911],[24.843,51.896],[24.81,51.912],[24.802,51.905],[24.787,51.895],[24.75,51.881],[24.714,51.896],[24.663,51.9],[24.605,51.901],[24.568,51.89],[24.538,51.887],[24.478,51.882],[24.372,51.878],[24.34,51.864],[24.34,51.85],[24.334,51.845],[24.313,51.827],[24.296,51.807],[24.306,51.78],[24.32,51.751],[24.121,51.667],[24.076,51.62],[24.016,51.596],[23.995,51.58],[23.957,51.588],[23.928,51.598],[23.882,51.592],[23.88,51.608],[23.913,51.631],[23.846,51.64],[23.804,51.64],[23.79,51.661],[23.783,51.668],[23.749,51.66],[23.716,51.651],[23.678,51.653],[23.66,51.639],[23.63,51.629],[23.606,51.621],[23.615,51.613],[23.625,51.608],[23.631,51.592],[23.658,51.587],[23.664,51.577],[23.659,51.57],[23.657,51.567],[23.648,51.566],[23.644,51.558],[23.636,51.553],[23.655,51.536],[23.667,51.524],[23.677,51.507],[23.669,51.499],[23.654,51.504],[23.626,51.503],[23.616,51.503],[23.62,51.497],[23.63,51.491],[23.638,51.486],[23.655,51.49],[23.663,51.488],[23.67,51.483],[23.676,51.471],[23.668,51.471],[23.66,51.465],[23.647,51.459],[23.651,51.454],[23.651,51.45],[23.661,51.444],[23.676,51.441],[23.686,51.442],[23.686,51.434],[23.677,51.43],[23.689,51.419],[23.701,51.421],[23.693,51.415],[23.702,51.412],[23.697,51.406],[23.703,51.404],[23.691,51.399],[23.682,51.399],[23.687,51.395],[23.68,51.396],[23.68,51.39],[23.685,51.387],[23.68,51.385],[23.681,51.381],[23.68,51.376],[23.684,51.378],[23.687,51.369],[23.678,51.369],[23.668,51.368],[23.669,51.361],[23.662,51.363],[23.657,51.359],[23.658,51.351],[23.654,51.347],[23.65,51.344],[23.658,51.342],[23.647,51.34],[23.636,51.329],[23.642,51.326],[23.636,51.319],[23.643,51.311],[23.641,51.307],[23.647,51.298],[23.646,51.293],[23.648,51.287],[23.657,51.287],[23.663,51.292],[23.668,51.291],[23.678,51.292],[23.681,51.292],[23.685,51.291],[23.688,51.286],[23.695,51.289],[23.697,51.283],[23.704,51.282],[23.706,51.275],[23.71,51.273],[23.717,51.271],[23.72,51.269],[23.72,51.267],[23.72,51.265],[23.727,51.261],[23.726,51.259],[23.726,51.251],[23.727,51.244],[23.73,51.242],[23.726,51.242],[23.731,51.239],[23.727,51.236],[23.739,51.227],[23.743,51.224],[23.736,51.22],[23.742,51.212],[23.746,51.211],[23.75,51.211],[23.758,51.211],[23.76,51.208],[23.763,51.206],[23.767,51.202],[23.776,51.2],[23.78,51.197],[23.782,51.192],[23.797,51.188],[23.808,51.185],[23.812,51.175],[23.827,51.167],[23.824,51.162],[23.829,51.16],[23.833,51.161],[23.838,51.159],[23.844,51.163],[23.851,51.16],[23.861,51.158],[23.862,51.152],[23.865,51.148],[23.868,51.142],[23.87,51.13],[23.86,51.131],[23.854,51.131],[23.85,51.124],[23.852,51.118],[23.855,51.114],[23.857,51.111],[23.863,51.108],[23.862,51.103],[23.861,51.097],[23.867,51.098],[23.871,51.095],[23.876,51.077],[23.879,51.08],[23.886,51.079],[23.892,51.074],[23.898,51.074],[23.906,51.078],[23.91,51.072],[23.909,51.064],[23.916,51.049],[23.92,51.047],[23.916,51.04],[23.921,51.037],[23.932,51.038],[23.916,51.028],[23.918,51.025],[23.924,51.019],[23.93,51.017],[23.935,51.013],[23.928,51.014],[23.926,51.013],[23.922,51.01],[23.915,51.01],[23.915,51.007],[23.929,51.006],[23.948,50.995],[23.957,50.991],[23.967,50.968],[23.968,50.957],[23.975,50.949],[23.98,50.949],[23.988,50.945],[23.997,50.928],[24.011,50.92],[24.039,50.903],[24.051,50.897],[24.052,50.891],[24.06,50.892],[24.08,50.89],[24.086,50.889],[24.113,50.876],[24.122,50.872],[24.133,50.868],[24.139,50.869],[24.143,50.858],[24.124,50.847],[24.118,50.845],[24.109,50.84],[24.101,50.838],[24.085,50.835],[24.082,50.835],[24.075,50.834],[24.064,50.834],[24.056,50.834],[24.048,50.836],[24.04,50.836],[24.034,50.84],[24.029,50.838],[24.027,50.841],[24.025,50.841],[24.019,50.839],[24.007,50.841],[23.981,50.83],[23.98,50.828],[23.977,50.827],[23.975,50.822],[23.974,50.817],[23.97,50.816],[23.964,50.814],[23.963,50.799],[23.96,50.791],[23.968,50.786],[23.966,50.778],[23.969,50.775],[23.972,50.775],[23.978,50.768],[23.981,50.771],[24.011,50.772],[24.025,50.759],[24.021,50.762],[24.016,50.76],[24.018,50.757],[24.013,50.753],[24.017,50.752],[24.021,50.75],[24.015,50.747],[24.02,50.749],[24.02,50.746],[24.021,50.738],[24.016,50.73],[24.017,50.723],[24.022,50.725],[24.042,50.718],[24.05,50.719],[24.061,50.721],[24.066,50.722],[24.072,50.72],[24.071,50.715],[24.071,50.712],[24.074,50.708],[24.072,50.699],[24.07,50.684],[24.063,50.685],[24.065,50.68],[24.068,50.677],[24.073,50.674],[24.076,50.674],[24.077,50.676],[24.079,50.675],[24.082,50.672],[24.085,50.668],[24.091,50.664],[24.09,50.654],[24.089,50.651],[24.08,50.645],[24.085,50.643],[24.088,50.635],[24.094,50.635],[24.104,50.635],[24.117,50.641],[24.122,50.644],[24.118,50.648],[24.126,50.649],[24.131,50.645],[24.138,50.643],[24.141,50.644],[24.149,50.647],[24.151,50.643],[24.153,50.643],[24.158,50.64],[24.162,50.638],[24.168,50.634],[24.173,50.634],[24.163,50.632],[24.169,50.627],[24.17,50.623],[24.173,50.622],[24.174,50.62],[24.178,50.619],[24.184,50.619],[24.191,50.618],[24.199,50.615],[24.204,50.61],[24.205,50.607],[24.205,50.603],[24.206,50.602],[24.212,50.599],[24.213,50.597],[24.217,50.592],[24.225,50.593],[24.221,50.59],[24.231,50.584],[24.246,50.581],[24.272,50.578],[24.303,50.575],[24.318,50.574],[24.326,50.593],[24.337,50.598],[24.361,50.597],[24.381,50.609],[24.401,50.59],[24.409,50.581],[24.403,50.571],[24.406,50.56],[24.419,50.555],[24.45,50.539],[24.467,50.541],[24.488,50.551],[24.5,50.555],[24.531,50.552],[24.55,50.521],[24.558,50.509],[24.555,50.494],[24.563,50.489],[24.584,50.492],[24.591,50.488],[24.597,50.478],[24.581,50.458],[24.597,50.414],[24.64,50.408],[24.654,50.41],[24.656,50.401],[24.681,50.395],[24.722,50.373],[24.715,50.343],[24.779,50.339],[24.808,50.347],[24.849,50.351],[24.859,50.35],[24.867,50.361],[24.885,50.344],[24.911,50.345],[24.937,50.346],[24.936,50.373],[24.938,50.383],[24.949,50.386],[25.033,50.346],[25.059,50.342],[25.056,50.34],[25.059,50.332],[25.059,50.324],[25.058,50.32],[25.055,50.315],[25.057,50.312],[25.055,50.306],[25.056,50.303],[25.065,50.298],[25.097,50.291],[25.113,50.287]]]]}},{"type":"Feature","properties":{"code":"Rivne Oblast","name_uk":"Рівненська область","alert_key":"Рівненська область"},"geometry":{"type":"MultiPolygon","coordinates":[[[[25.113,50.287],[25.117,50.283],[25.154,50.289],[25.175,50.289],[25.203,50.254],[25.19,50.249],[25.185,50.226],[25.169,50.223],[25.17,50.202],[25.215,50.18],[25.204,50.17],[25.201,50.164],[25.197,50.131],[25.269,50.062],[25.306,50.031],[25.347,50.004],[25.359,50.017],[25.385,50.049],[25.432,50.053],[25.451,50.075],[25.457,50.082],[25.466,50.094],[25.489,50.102],[25.456,50.117],[25.449,50.151],[25.501,50.164],[25.554,50.15],[25.609,50.163],[25.685,50.177],[25.703,50.171],[25.724,50.174],[25.724,50.176],[25.724,50.177],[25.732,50.185],[25.763,50.178],[25.784,50.181],[25.81,50.184],[25.824,50.183],[25.843,50.189],[25.871,50.205],[25.872,50.213],[25.877,50.219],[25.898,50.234],[25.922,50.254],[25.936,50.257],[25.946,50.255],[25.963,50.256],[25.98,50.242],[25.996,50.242],[26.008,50.235],[26.02,50.23],[26.078,50.25],[26.166,50.236],[26.168,50.242],[26.191,50.263],[26.216,50.266],[26.222,50.258],[26.218,50.248],[26.212,50.23],[26.195,50.227],[26.185,50.229],[26.192,50.218],[26.193,50.194],[26.197,50.187],[26.218,50.182],[26.23,50.172],[26.239,50.173],[26.24,50.173],[26.246,50.177],[26.252,50.179],[26.265,50.178],[26.276,50.182],[26.291,50.187],[26.295,50.191],[26.305,50.202],[26.307,50.213],[26.315,50.215],[26.325,50.225],[26.34,50.235],[26.35,50.239],[26.36,50.248],[26.368,50.252],[26.383,50.254],[26.384,50.26],[26.41,50.262],[26.42,50.26],[26.43,50.26],[26.436,50.26],[26.446,50.264],[26.455,50.263],[26.471,50.26],[26.484,50.266],[26.506,50.264],[26.494,50.268],[26.494,50.276],[26.5,50.283],[26.505,50.285],[26.515,50.284],[26.509,50.289],[26.515,50.29],[26.521,50.297],[26.523,50.303],[26.526,50.31],[26.547,50.308],[26.561,50.317],[26.552,50.33],[26.587,50.339],[26.602,50.368],[26.648,50.365],[26.682,50.389],[26.713,50.417],[26.718,50.446],[26.737,50.445],[26.727,50.457],[26.736,50.472],[26.746,50.48],[26.745,50.465],[26.742,50.461],[26.765,50.462],[26.77,50.467],[26.773,50.464],[26.781,50.466],[26.787,50.471],[26.789,50.476],[26.775,50.472],[26.76,50.476],[26.768,50.486],[26.766,50.491],[26.775,50.491],[26.779,50.501],[26.79,50.504],[26.818,50.503],[26.828,50.523],[26.837,50.517],[26.862,50.517],[26.879,50.532],[26.899,50.546],[26.92,50.537],[26.967,50.529],[26.989,50.534],[27.018,50.559],[27.071,50.551],[27.065,50.562],[27.072,50.576],[27.077,50.578],[27.088,50.58],[27.104,50.584],[27.118,50.595],[27.131,50.589],[27.127,50.575],[27.131,50.56],[27.173,50.562],[27.211,50.564],[27.232,50.567],[27.224,50.599],[27.205,50.612],[27.191,50.621],[27.198,50.626],[27.205,50.63],[27.201,50.632],[27.208,50.644],[27.214,50.658],[27.202,50.663],[27.213,50.67],[27.222,50.673],[27.23,50.674],[27.241,50.675],[27.251,50.688],[27.254,50.691],[27.262,50.698],[27.265,50.708],[27.276,50.721],[27.274,50.734],[27.264,50.745],[27.272,50.761],[27.266,50.763],[27.257,50.767],[27.243,50.773],[27.244,50.793],[27.233,50.801],[27.234,50.811],[27.242,50.826],[27.232,50.839],[27.238,50.848],[27.244,50.87],[27.247,50.884],[27.251,50.9],[27.235,50.905],[27.236,50.91],[27.234,50.913],[27.224,50.911],[27.216,50.918],[27.217,50.925],[27.224,50.93],[27.237,50.935],[27.234,50.938],[27.233,50.947],[27.223,50.951],[27.224,50.966],[27.204,50.989],[27.211,51.004],[27.226,51.008],[27.22,51.028],[27.275,51.033],[27.326,51.043],[27.32,51.062],[27.323,51.076],[27.333,51.083],[27.355,51.086],[27.361,51.096],[27.365,51.109],[27.364,51.143],[27.381,51.148],[27.399,51.17],[27.404,51.182],[27.401,51.191],[27.417,51.202],[27.459,51.224],[27.473,51.238],[27.455,51.249],[27.45,51.254],[27.452,51.259],[27.462,51.264],[27.441,51.31],[27.498,51.32],[27.522,51.342],[27.527,51.354],[27.525,51.366],[27.495,51.376],[27.5,51.418],[27.504,51.451],[27.526,51.444],[27.531,51.43],[27.567,51.416],[27.583,51.407],[27.614,51.403],[27.603,51.415],[27.599,51.422],[27.582,51.43],[27.623,51.482],[27.649,51.502],[27.669,51.518],[27.682,51.53],[27.706,51.555],[27.735,51.594],[27.728,51.605],[27.694,51.607],[27.67,51.612],[27.645,51.612],[27.629,51.607],[27.588,51.625],[27.556,51.636],[27.524,51.636],[27.515,51.631],[27.518,51.607],[27.53,51.604],[27.511,51.588],[27.487,51.594],[27.494,51.611],[27.489,51.616],[27.475,51.609],[27.463,51.611],[27.427,51.614],[27.393,51.605],[27.344,51.606],[27.268,51.602],[27.249,51.609],[27.273,51.647],[27.25,51.667],[27.213,51.667],[27.207,51.774],[27.125,51.773],[27.106,51.772],[26.957,51.739],[26.933,51.744],[26.902,51.748],[26.884,51.749],[26.86,51.763],[26.841,51.768],[26.823,51.763],[26.796,51.759],[26.792,51.768],[26.782,51.768],[26.759,51.778],[26.758,51.789],[26.753,51.795],[26.756,51.801],[26.729,51.816],[26.705,51.812],[26.662,51.825],[26.62,51.824],[26.609,51.828],[26.594,51.821],[26.559,51.806],[26.545,51.798],[26.498,51.799],[26.476,51.81],[26.456,51.815],[26.439,51.828],[26.424,51.838],[26.401,51.835],[26.387,51.869],[26.365,51.863],[26.315,51.861],[26.299,51.869],[26.285,51.866],[26.278,51.871],[26.26,51.862],[26.248,51.873],[26.228,51.873],[26.223,51.869],[26.181,51.869],[26.175,51.869],[26.169,51.868],[26.162,51.879],[26.144,51.877],[26.13,51.894],[26.108,51.899],[26.049,51.914],[26.013,51.931],[25.979,51.926],[25.972,51.924],[25.964,51.925],[25.962,51.923],[25.954,51.919],[25.948,51.922],[25.941,51.918],[25.916,51.915],[25.895,51.919],[25.864,51.924],[25.821,51.937],[25.827,51.941],[25.814,51.945],[25.792,51.947],[25.775,51.951],[25.772,51.94],[25.781,51.931],[25.784,51.924],[25.763,51.925],[25.711,51.918],[25.593,51.924],[25.595,51.915],[25.62,51.906],[25.628,51.904],[25.709,51.895],[25.668,51.874],[25.639,51.848],[25.648,51.829],[25.65,51.824],[25.649,51.819],[25.642,51.817],[25.634,51.813],[25.632,51.807],[25.644,51.798],[25.653,51.791],[25.655,51.782],[25.653,51.767],[25.661,51.765],[25.683,51.756],[25.676,51.742],[25.666,51.724],[25.648,51.708],[25.649,51.694],[25.636,51.689],[25.641,51.682],[25.626,51.672],[25.619,51.658],[25.609,51.641],[25.578,51.625],[25.568,51.633],[25.532,51.614],[25.542,51.62],[25.564,51.603],[25.582,51.605],[25.595,51.587],[25.598,51.577],[25.596,51.567],[25.582,51.559],[25.571,51.55],[25.595,51.527],[25.55,51.52],[25.59,51.505],[25.595,51.505],[25.602,51.493],[25.618,51.477],[25.643,51.445],[25.647,51.417],[25.658,51.414],[25.677,51.413],[25.688,51.405],[25.7,51.395],[25.704,51.384],[25.695,51.376],[25.702,51.38],[25.72,51.38],[25.724,51.385],[25.727,51.397],[25.76,51.4],[25.781,51.374],[25.807,51.375],[25.845,51.376],[25.836,51.375],[25.831,51.372],[25.836,51.362],[25.833,51.354],[25.821,51.346],[25.829,51.343],[25.834,51.333],[25.839,51.328],[25.853,51.32],[25.855,51.319],[25.857,51.318],[25.864,51.316],[25.869,51.316],[25.873,51.309],[25.876,51.306],[25.888,51.305],[25.888,51.303],[25.889,51.301],[25.889,51.298],[25.895,51.301],[25.899,51.295],[25.896,51.29],[25.907,51.289],[25.917,51.287],[25.918,51.285],[25.927,51.278],[25.931,51.277],[25.934,51.275],[25.936,51.272],[25.932,51.272],[25.935,51.256],[25.942,51.253],[25.948,51.248],[25.948,51.244],[25.947,51.24],[25.947,51.233],[26.066,51.179],[26.058,51.172],[26.071,51.156],[26.059,51.143],[26.043,51.14],[26.006,51.125],[25.974,51.125],[25.942,51.119],[25.938,51.113],[25.949,51.096],[25.947,51.087],[25.941,51.086],[25.982,51.078],[26.017,51.083],[26.107,51.005],[26.086,51.003],[26.083,50.987],[26.085,50.973],[26.07,50.972],[26.058,50.973],[26.022,50.964],[25.99,50.961],[25.967,50.957],[25.992,50.866],[26.006,50.865],[26.038,50.851],[26.04,50.842],[26.022,50.821],[25.996,50.823],[25.978,50.821],[25.958,50.824],[25.948,50.826],[25.943,50.829],[25.93,50.83],[25.917,50.829],[25.906,50.83],[25.9,50.813],[25.887,50.764],[25.872,50.739],[25.87,50.696],[25.854,50.677],[25.824,50.647],[25.845,50.631],[25.825,50.622],[25.819,50.633],[25.773,50.676],[25.759,50.677],[25.745,50.674],[25.709,50.671],[25.722,50.684],[25.703,50.7],[25.699,50.705],[25.627,50.714],[25.599,50.716],[25.602,50.696],[25.592,50.7],[25.567,50.693],[25.564,50.695],[25.513,50.684],[25.504,50.68],[25.474,50.678],[25.46,50.675],[25.46,50.662],[25.404,50.671],[25.386,50.69],[25.378,50.688],[25.379,50.686],[25.376,50.682],[25.387,50.676],[25.385,50.665],[25.385,50.655],[25.379,50.651],[25.372,50.654],[25.358,50.648],[25.356,50.649],[25.354,50.644],[25.355,50.641],[25.359,50.642],[25.362,50.639],[25.371,50.635],[25.38,50.634],[25.383,50.632],[25.386,50.628],[25.383,50.625],[25.388,50.619],[25.399,50.618],[25.399,50.607],[25.391,50.605],[25.391,50.608],[25.35,50.615],[25.322,50.62],[25.292,50.631],[25.296,50.61],[25.295,50.602],[25.305,50.598],[25.31,50.59],[25.319,50.584],[25.311,50.546],[25.302,50.546],[25.3,50.542],[25.277,50.536],[25.256,50.533],[25.246,50.537],[25.192,50.543],[25.192,50.551],[25.137,50.548],[25.121,50.544],[25.123,50.528],[25.152,50.515],[25.16,50.506],[25.151,50.469],[25.139,50.471],[25.112,50.472],[25.09,50.475],[25.098,50.468],[25.125,50.461],[25.138,50.461],[25.149,50.452],[25.149,50.444],[25.145,50.441],[25.141,50.441],[25.138,50.438],[25.139,50.432],[25.14,50.427],[25.146,50.427],[25.149,50.427],[25.158,50.429],[25.158,50.423],[25.166,50.419],[25.167,50.412],[25.169,50.407],[25.169,50.4],[25.177,50.393],[25.191,50.395],[25.203,50.391],[25.207,50.386],[25.21,50.381],[25.209,50.373],[25.207,50.372],[25.203,50.369],[25.202,50.367],[25.195,50.365],[25.192,50.364],[25.187,50.365],[25.179,50.362],[25.172,50.371],[25.172,50.377],[25.169,50.38],[25.164,50.376],[25.16,50.373],[25.153,50.372],[25.147,50.371],[25.146,50.365],[25.152,50.352],[25.155,50.341],[25.13,50.318],[25.109,50.312],[25.107,50.305],[25.1,50.3],[25.111,50.294],[25.113,50.287]]]]}},{"type":"Feature","properties":{"code":"Zhytomyr Oblast","name_uk":"Житомирська область","alert_key":"Житомирська область"},"geometry":{"type":"MultiPolygon","coordinates":[[[[27.196,50.562],[27.203,50.545],[27.223,50.528],[27.259,50.514],[27.263,50.504],[27.262,50.495],[27.276,50.49],[27.302,50.493],[27.292,50.457],[27.254,50.413],[27.249,50.393],[27.32,50.365],[27.323,50.353],[27.316,50.331],[27.337,50.332],[27.353,50.331],[27.403,50.313],[27.416,50.3],[27.417,50.295],[27.412,50.294],[27.412,50.291],[27.404,50.289],[27.391,50.29],[27.404,50.282],[27.416,50.275],[27.424,50.275],[27.442,50.26],[27.46,50.257],[27.481,50.252],[27.521,50.225],[27.542,50.246],[27.563,50.248],[27.567,50.253],[27.578,50.259],[27.597,50.249],[27.598,50.23],[27.593,50.215],[27.612,50.195],[27.621,50.198],[27.642,50.173],[27.664,50.193],[27.679,50.161],[27.674,50.158],[27.652,50.153],[27.636,50.143],[27.631,50.145],[27.632,50.134],[27.625,50.124],[27.638,50.115],[27.631,50.112],[27.623,50.105],[27.615,50.086],[27.667,50.077],[27.67,50.073],[27.675,50.069],[27.678,50.061],[27.678,50.054],[27.678,50.042],[27.68,50.04],[27.681,50.035],[27.671,50.026],[27.658,50.033],[27.61,50.006],[27.569,50.02],[27.557,50.012],[27.546,50.0],[27.562,49.984],[27.568,49.956],[27.575,49.949],[27.557,49.935],[27.549,49.909],[27.548,49.902],[27.566,49.902],[27.564,49.907],[27.569,49.91],[27.577,49.904],[27.596,49.896],[27.605,49.891],[27.625,49.892],[27.616,49.873],[27.622,49.861],[27.619,49.856],[27.627,49.85],[27.622,49.839],[27.629,49.833],[27.633,49.825],[27.637,49.825],[27.638,49.821],[27.644,49.816],[27.646,49.808],[27.655,49.802],[27.66,49.799],[27.664,49.795],[27.692,49.802],[27.716,49.806],[27.723,49.793],[27.715,49.783],[27.706,49.779],[27.732,49.764],[27.749,49.757],[27.758,49.746],[27.781,49.728],[27.801,49.729],[27.817,49.735],[27.816,49.744],[27.835,49.757],[27.848,49.753],[27.894,49.764],[27.933,49.769],[27.958,49.779],[27.991,49.78],[28.019,49.772],[28.094,49.773],[28.111,49.774],[28.146,49.785],[28.152,49.789],[28.213,49.792],[28.216,49.786],[28.225,49.789],[28.245,49.798],[28.25,49.814],[28.263,49.8],[28.297,49.801],[28.379,49.781],[28.412,49.808],[28.423,49.824],[28.439,49.822],[28.454,49.821],[28.473,49.813],[28.481,49.807],[28.528,49.818],[28.542,49.806],[28.553,49.794],[28.563,49.787],[28.601,49.782],[28.613,49.811],[28.628,49.815],[28.633,49.813],[28.639,49.809],[28.667,49.808],[28.688,49.814],[28.711,49.818],[28.722,49.805],[28.726,49.797],[28.735,49.803],[28.759,49.818],[28.751,49.823],[28.785,49.843],[28.814,49.853],[28.844,49.86],[28.868,49.889],[28.882,49.886],[28.896,49.873],[28.91,49.867],[28.937,49.853],[28.945,49.82],[28.961,49.821],[28.971,49.803],[28.966,49.776],[29.002,49.74],[29.0,49.727],[28.991,49.719],[28.98,49.702],[28.966,49.7],[28.948,49.683],[28.95,49.674],[28.986,49.65],[28.982,49.645],[29.01,49.633],[28.985,49.603],[29.027,49.59],[29.062,49.592],[29.079,49.592],[29.105,49.594],[29.133,49.59],[29.157,49.591],[29.188,49.587],[29.203,49.594],[29.221,49.59],[29.25,49.596],[29.275,49.59],[29.326,49.628],[29.34,49.615],[29.37,49.62],[29.38,49.619],[29.401,49.653],[29.425,49.652],[29.482,49.649],[29.505,49.649],[29.49,49.67],[29.495,49.71],[29.449,49.712],[29.446,49.732],[29.463,49.761],[29.441,49.805],[29.471,49.816],[29.491,49.806],[29.497,49.812],[29.496,49.816],[29.507,49.835],[29.542,49.821],[29.548,49.836],[29.573,49.84],[29.596,49.843],[29.602,49.856],[29.626,49.861],[29.639,49.869],[29.667,49.875],[29.634,49.877],[29.633,49.885],[29.652,49.901],[29.706,49.926],[29.725,49.942],[29.732,49.95],[29.732,49.963],[29.729,49.968],[29.719,49.969],[29.712,49.972],[29.715,49.979],[29.695,49.992],[29.691,50.0],[29.697,50.007],[29.685,50.011],[29.679,50.03],[29.693,50.042],[29.697,50.069],[29.651,50.109],[29.671,50.114],[29.656,50.119],[29.688,50.144],[29.677,50.16],[29.651,50.173],[29.648,50.183],[29.656,50.188],[29.67,50.2],[29.687,50.226],[29.702,50.231],[29.692,50.238],[29.681,50.257],[29.676,50.259],[29.665,50.266],[29.666,50.275],[29.682,50.274],[29.69,50.284],[29.676,50.296],[29.691,50.311],[29.675,50.321],[29.645,50.324],[29.611,50.341],[29.631,50.354],[29.635,50.368],[29.629,50.372],[29.619,50.366],[29.608,50.373],[29.589,50.375],[29.587,50.394],[29.583,50.406],[29.579,50.407],[29.575,50.412],[29.546,50.422],[29.482,50.404],[29.442,50.417],[29.449,50.421],[29.472,50.421],[29.481,50.423],[29.499,50.44],[29.474,50.449],[29.453,50.451],[29.457,50.471],[29.498,50.467],[29.506,50.466],[29.502,50.484],[29.504,50.495],[29.507,50.5],[29.485,50.506],[29.476,50.51],[29.464,50.521],[29.461,50.532],[29.48,50.539],[29.492,50.545],[29.499,50.559],[29.505,50.573],[29.497,50.592],[29.486,50.599],[29.461,50.612],[29.455,50.617],[29.473,50.628],[29.479,50.642],[29.477,50.653],[29.479,50.655],[29.483,50.657],[29.488,50.66],[29.487,50.662],[29.494,50.66],[29.501,50.658],[29.529,50.663],[29.528,50.667],[29.528,50.678],[29.538,50.682],[29.542,50.685],[29.542,50.687],[29.546,50.688],[29.55,50.693],[29.562,50.693],[29.566,50.693],[29.573,50.698],[29.576,50.699],[29.586,50.709],[29.597,50.73],[29.592,50.73],[29.59,50.729],[29.586,50.736],[29.579,50.74],[29.584,50.743],[29.581,50.75],[29.572,50.762],[29.568,50.762],[29.57,50.765],[29.572,50.767],[29.569,50.77],[29.563,50.771],[29.552,50.771],[29.535,50.776],[29.529,50.772],[29.519,50.772],[29.495,50.77],[29.488,50.771],[29.475,50.774],[29.498,50.776],[29.508,50.774],[29.51,50.783],[29.506,50.786],[29.521,50.792],[29.498,50.801],[29.494,50.81],[29.502,50.819],[29.537,50.813],[29.547,50.818],[29.534,50.83],[29.497,50.838],[29.515,50.878],[29.489,50.889],[29.475,50.915],[29.435,50.945],[29.412,50.985],[29.44,50.989],[29.468,50.987],[29.469,51.01],[29.467,51.019],[29.484,51.038],[29.494,51.074],[29.47,51.085],[29.425,51.126],[29.331,51.158],[29.319,51.128],[29.268,51.265],[29.308,51.271],[29.324,51.275],[29.334,51.278],[29.336,51.27],[29.399,51.321],[29.395,51.38],[29.359,51.385],[29.34,51.386],[29.322,51.386],[29.325,51.41],[29.317,51.421],[29.308,51.445],[29.295,51.459],[29.275,51.459],[29.271,51.477],[29.251,51.496],[29.267,51.531],[29.264,51.551],[29.257,51.568],[29.25,51.57],[29.209,51.574],[29.202,51.582],[29.206,51.591],[29.18,51.611],[29.166,51.628],[29.162,51.632],[29.171,51.643],[29.178,51.65],[29.16,51.651],[29.151,51.651],[29.141,51.65],[29.123,51.658],[29.101,51.639],[29.078,51.63],[29.067,51.622],[29.035,51.592],[28.983,51.573],[28.97,51.591],[28.921,51.588],[28.887,51.585],[28.887,51.579],[28.871,51.57],[28.84,51.56],[28.824,51.559],[28.813,51.543],[28.786,51.509],[28.767,51.491],[28.776,51.478],[28.78,51.464],[28.784,51.451],[28.775,51.449],[28.757,51.416],[28.755,51.426],[28.738,51.436],[28.738,51.451],[28.74,51.467],[28.724,51.453],[28.688,51.445],[28.658,51.521],[28.657,51.539],[28.645,51.555],[28.655,51.562],[28.64,51.557],[28.65,51.567],[28.663,51.568],[28.651,51.569],[28.635,51.574],[28.56,51.583],[28.518,51.592],[28.397,51.551],[28.376,51.547],[28.359,51.539],[28.359,51.552],[28.346,51.578],[28.328,51.59],[28.278,51.623],[28.26,51.623],[28.263,51.64],[28.274,51.672],[28.264,51.681],[28.174,51.644],[28.171,51.623],[28.135,51.609],[28.117,51.583],[28.077,51.58],[28.051,51.566],[28.016,51.564],[27.946,51.558],[27.961,51.572],[27.975,51.585],[27.968,51.596],[27.96,51.593],[27.93,51.578],[27.925,51.582],[27.927,51.608],[27.898,51.619],[27.875,51.626],[27.844,51.631],[27.841,51.608],[27.834,51.585],[27.834,51.575],[27.845,51.56],[27.849,51.55],[27.84,51.538],[27.805,51.531],[27.78,51.501],[27.768,51.478],[27.759,51.474],[27.723,51.492],[27.703,51.499],[27.684,51.509],[27.67,51.497],[27.647,51.498],[27.579,51.478],[27.599,51.43],[27.604,51.42],[27.613,51.411],[27.585,51.401],[27.574,51.411],[27.548,51.422],[27.533,51.434],[27.534,51.453],[27.506,51.437],[27.492,51.408],[27.497,51.374],[27.524,51.361],[27.521,51.346],[27.511,51.335],[27.49,51.315],[27.449,51.282],[27.452,51.262],[27.448,51.259],[27.454,51.254],[27.464,51.248],[27.465,51.236],[27.444,51.223],[27.4,51.201],[27.406,51.188],[27.395,51.172],[27.375,51.155],[27.37,51.143],[27.369,51.112],[27.367,51.098],[27.354,51.095],[27.336,51.089],[27.324,51.082],[27.325,51.07],[27.318,51.053],[27.28,51.041],[27.219,51.03],[27.229,51.022],[27.216,51.009],[27.201,51.001],[27.212,50.982],[27.226,50.962],[27.234,50.949],[27.238,50.945],[27.238,50.937],[27.231,50.934],[27.221,50.931],[27.214,50.926],[27.221,50.916],[27.226,50.913],[27.233,50.911],[27.234,50.907],[27.242,50.902],[27.257,50.896],[27.253,50.882],[27.249,50.858],[27.235,50.841],[27.238,50.834],[27.238,50.814],[27.236,50.806],[27.234,50.795],[27.239,50.776],[27.242,50.77],[27.262,50.762],[27.27,50.763],[27.27,50.753],[27.269,50.736],[27.271,50.729],[27.273,50.711],[27.259,50.703],[27.251,50.692],[27.254,50.689],[27.243,50.673],[27.237,50.673],[27.227,50.671],[27.22,50.67],[27.206,50.667],[27.204,50.659],[27.212,50.647],[27.214,50.639],[27.201,50.63],[27.206,50.629],[27.19,50.626],[27.198,50.619],[27.225,50.606],[27.215,50.589],[27.21,50.566],[27.196,50.562]]]]}},{"type":"Feature","properties":{"code":"Kyiv Oblast","name_uk":"Київська область","alert_key":"Київська область"},"geometry":{"type":"MultiPolygon","coordinates":[[[[30.349,50.489],[30.345,50.491],[30.341,50.498],[30.34,50.498],[30.326,50.493],[30.318,50.494],[30.331,50.484],[30.337,50.485],[30.344,50.487],[30.349,50.489]]],[[[30.785,51.534],[30.736,51.541],[30.704,51.554],[30.694,51.529],[30.671,51.531],[30.652,51.524],[30.659,51.52],[30.671,51.522],[30.75,51.516],[30.755,51.515],[30.785,51.534]]],[[[29.505,49.649],[29.521,49.641],[29.532,49.631],[29.516,49.622],[29.512,49.613],[29.502,49.6],[29.499,49.594],[29.536,49.543],[29.544,49.538],[29.543,49.532],[29.54,49.521],[29.57,49.504],[29.584,49.507],[29.568,49.498],[29.553,49.495],[29.546,49.487],[29.55,49.475],[29.567,49.46],[29.594,49.443],[29.575,49.428],[29.562,49.415],[29.506,49.395],[29.503,49.385],[29.514,49.367],[29.521,49.354],[29.522,49.337],[29.553,49.322],[29.563,49.322],[29.573,49.324],[29.618,49.305],[29.615,49.302],[29.611,49.291],[29.619,49.28],[29.617,49.274],[29.613,49.265],[29.64,49.247],[29.663,49.25],[29.697,49.257],[29.71,49.263],[29.716,49.241],[29.724,49.231],[29.744,49.225],[29.745,49.224],[29.741,49.216],[29.728,49.208],[29.813,49.186],[29.819,49.178],[29.883,49.186],[29.877,49.2],[29.894,49.208],[29.904,49.221],[29.931,49.243],[29.954,49.25],[29.957,49.262],[29.944,49.302],[29.956,49.311],[29.984,49.316],[30.011,49.328],[30.027,49.333],[30.078,49.322],[30.086,49.313],[30.086,49.303],[30.087,49.294],[30.101,49.275],[30.118,49.277],[30.123,49.282],[30.12,49.292],[30.107,49.303],[30.124,49.31],[30.132,49.314],[30.148,49.336],[30.201,49.327],[30.235,49.269],[30.257,49.268],[30.368,49.255],[30.373,49.241],[30.376,49.236],[30.397,49.302],[30.42,49.303],[30.438,49.333],[30.437,49.352],[30.449,49.357],[30.474,49.365],[30.517,49.328],[30.538,49.328],[30.544,49.331],[30.555,49.34],[30.57,49.354],[30.58,49.35],[30.608,49.37],[30.66,49.36],[30.669,49.356],[30.677,49.355],[30.717,49.339],[30.75,49.345],[30.801,49.354],[30.833,49.351],[30.858,49.353],[30.868,49.352],[30.879,49.358],[30.885,49.362],[30.909,49.359],[30.923,49.382],[30.931,49.381],[30.933,49.395],[30.921,49.416],[30.957,49.424],[30.997,49.425],[31.005,49.451],[31.033,49.471],[31.044,49.457],[31.04,49.469],[31.048,49.477],[31.061,49.479],[31.084,49.49],[31.095,49.498],[31.097,49.503],[31.094,49.505],[31.097,49.513],[31.1,49.524],[31.104,49.532],[31.1,49.546],[31.107,49.549],[31.118,49.557],[31.139,49.552],[31.153,49.555],[31.149,49.569],[31.138,49.571],[31.128,49.583],[31.155,49.629],[31.196,49.684],[31.201,49.691],[31.207,49.69],[31.211,49.686],[31.212,49.689],[31.207,49.701],[31.212,49.73],[31.214,49.736],[31.217,49.74],[31.216,49.777],[31.221,49.832],[31.208,49.852],[31.261,49.858],[31.312,49.888],[31.346,49.896],[31.369,49.899],[31.38,49.907],[31.345,49.934],[31.334,49.943],[31.338,49.953],[31.3,49.96],[31.287,49.954],[31.301,49.967],[31.295,49.975],[31.302,49.989],[31.319,49.993],[31.384,49.995],[31.417,49.992],[31.437,49.984],[31.434,49.961],[31.433,49.944],[31.425,49.929],[31.426,49.899],[31.44,49.877],[31.462,49.874],[31.475,49.861],[31.486,49.858],[31.498,49.848],[31.509,49.844],[31.51,49.854],[31.518,49.862],[31.515,49.869],[31.525,49.871],[31.533,49.875],[31.543,49.878],[31.548,49.874],[31.552,49.875],[31.565,49.887],[31.568,49.895],[31.579,49.899],[31.581,49.907],[31.614,49.892],[31.614,49.886],[31.615,49.857],[31.704,49.851],[31.752,49.894],[31.769,49.92],[31.813,49.959],[31.888,49.964],[31.896,49.95],[31.918,49.961],[31.91,50.0],[31.903,50.017],[31.909,50.023],[31.928,50.031],[31.978,50.039],[31.925,50.061],[31.916,50.057],[31.906,50.057],[31.907,50.06],[31.975,50.125],[31.947,50.137],[31.965,50.151],[32.0,50.195],[31.992,50.202],[32.014,50.207],[32.057,50.188],[32.107,50.22],[32.115,50.231],[32.1,50.242],[32.101,50.276],[32.099,50.278],[32.091,50.284],[32.099,50.287],[32.129,50.316],[32.152,50.337],[32.141,50.354],[32.155,50.376],[32.12,50.38],[32.103,50.374],[32.075,50.375],[32.082,50.384],[32.08,50.388],[32.102,50.413],[32.057,50.397],[32.04,50.428],[32.022,50.458],[31.969,50.473],[31.975,50.481],[31.967,50.482],[31.963,50.486],[31.975,50.489],[31.983,50.484],[31.984,50.495],[31.992,50.495],[32.002,50.496],[32.047,50.496],[32.049,50.526],[32.063,50.541],[31.975,50.54],[31.945,50.559],[31.925,50.584],[31.919,50.596],[31.884,50.608],[31.867,50.618],[31.846,50.629],[31.812,50.607],[31.788,50.593],[31.777,50.578],[31.728,50.561],[31.668,50.549],[31.662,50.555],[31.646,50.538],[31.64,50.525],[31.629,50.522],[31.569,50.524],[31.558,50.52],[31.54,50.523],[31.525,50.532],[31.522,50.522],[31.511,50.523],[31.493,50.523],[31.48,50.515],[31.452,50.506],[31.445,50.5],[31.42,50.507],[31.404,50.52],[31.393,50.524],[31.37,50.534],[31.348,50.517],[31.323,50.51],[31.295,50.534],[31.255,50.543],[31.259,50.549],[31.256,50.558],[31.246,50.562],[31.238,50.567],[31.215,50.57],[31.188,50.575],[31.165,50.59],[31.222,50.607],[31.219,50.62],[31.204,50.638],[31.202,50.654],[31.222,50.669],[31.217,50.697],[31.207,50.706],[31.19,50.723],[31.166,50.733],[31.149,50.738],[31.128,50.747],[31.127,50.774],[31.075,50.781],[31.04,50.764],[31.025,50.764],[31.014,50.765],[30.956,50.763],[30.933,50.759],[30.929,50.764],[30.889,50.774],[30.874,50.757],[30.863,50.745],[30.833,50.748],[30.829,50.756],[30.842,50.756],[30.844,50.765],[30.86,50.772],[30.874,50.778],[30.865,50.78],[30.843,50.768],[30.835,50.761],[30.811,50.769],[30.771,50.779],[30.763,50.772],[30.754,50.776],[30.746,50.773],[30.737,50.773],[30.738,50.78],[30.745,50.787],[30.742,50.796],[30.744,50.805],[30.732,50.817],[30.745,50.819],[30.76,50.81],[30.765,50.826],[30.777,50.833],[30.774,50.844],[30.772,50.854],[30.775,50.863],[30.772,50.874],[30.757,50.879],[30.736,50.888],[30.724,50.894],[30.715,50.899],[30.696,50.903],[30.673,50.92],[30.657,50.953],[30.648,50.985],[30.642,51.003],[30.624,51.01],[30.601,51.027],[30.5,51.034],[30.506,51.062],[30.508,51.076],[30.484,51.092],[30.5,51.101],[30.517,51.111],[30.495,51.132],[30.49,51.165],[30.508,51.176],[30.529,51.174],[30.54,51.181],[30.522,51.185],[30.53,51.198],[30.505,51.227],[30.526,51.236],[30.549,51.23],[30.561,51.236],[30.555,51.25],[30.54,51.267],[30.459,51.275],[30.454,51.281],[30.459,51.298],[30.444,51.308],[30.398,51.313],[30.386,51.323],[30.342,51.352],[30.363,51.38],[30.337,51.425],[30.319,51.44],[30.299,51.456],[30.288,51.464],[30.274,51.468],[30.212,51.493],[30.169,51.509],[30.148,51.493],[30.133,51.505],[30.121,51.505],[30.117,51.487],[30.059,51.499],[30.029,51.504],[30.018,51.506],[30.021,51.497],[30.015,51.49],[30.004,51.486],[29.985,51.486],[29.973,51.483],[29.966,51.471],[29.95,51.474],[29.95,51.484],[29.932,51.492],[29.923,51.488],[29.911,51.488],[29.894,51.485],[29.886,51.478],[29.892,51.474],[29.879,51.458],[29.881,51.446],[29.858,51.45],[29.847,51.458],[29.813,51.46],[29.797,51.442],[29.77,51.449],[29.744,51.457],[29.738,51.475],[29.742,51.493],[29.745,51.506],[29.739,51.512],[29.746,51.515],[29.738,51.532],[29.717,51.53],[29.71,51.523],[29.695,51.517],[29.677,51.512],[29.673,51.503],[29.655,51.506],[29.643,51.499],[29.634,51.506],[29.616,51.493],[29.607,51.483],[29.609,51.475],[29.585,51.464],[29.542,51.483],[29.535,51.474],[29.522,51.452],[29.524,51.439],[29.521,51.422],[29.515,51.424],[29.496,51.397],[29.452,51.409],[29.396,51.408],[29.383,51.402],[29.363,51.389],[29.361,51.376],[29.393,51.339],[29.356,51.275],[29.329,51.272],[29.331,51.279],[29.312,51.276],[29.301,51.274],[29.312,51.14],[29.33,51.126],[29.349,51.16],[29.459,51.09],[29.483,51.077],[29.512,51.061],[29.475,51.031],[29.465,51.019],[29.466,51.004],[29.475,50.979],[29.422,50.986],[29.411,50.949],[29.467,50.925],[29.472,50.903],[29.497,50.888],[29.521,50.869],[29.529,50.824],[29.542,50.828],[29.548,50.812],[29.516,50.818],[29.489,50.812],[29.492,50.806],[29.515,50.793],[29.521,50.79],[29.506,50.783],[29.512,50.776],[29.502,50.774],[29.491,50.774],[29.475,50.773],[29.49,50.769],[29.504,50.766],[29.523,50.773],[29.529,50.774],[29.541,50.776],[29.557,50.773],[29.57,50.772],[29.571,50.769],[29.568,50.768],[29.566,50.763],[29.57,50.763],[29.578,50.748],[29.586,50.743],[29.58,50.745],[29.587,50.739],[29.591,50.732],[29.594,50.729],[29.594,50.732],[29.591,50.721],[29.579,50.704],[29.574,50.699],[29.57,50.699],[29.564,50.695],[29.554,50.692],[29.546,50.69],[29.542,50.69],[29.54,50.685],[29.54,50.681],[29.536,50.68],[29.531,50.673],[29.532,50.666],[29.508,50.657],[29.501,50.661],[29.492,50.662],[29.485,50.66],[29.483,50.658],[29.479,50.657],[29.477,50.655],[29.485,50.647],[29.464,50.633],[29.444,50.621],[29.456,50.614],[29.477,50.607],[29.493,50.596],[29.498,50.579],[29.499,50.565],[29.503,50.552],[29.486,50.537],[29.459,50.539],[29.466,50.528],[29.458,50.517],[29.483,50.51],[29.506,50.502],[29.504,50.498],[29.509,50.488],[29.511,50.471],[29.502,50.468],[29.482,50.46],[29.447,50.452],[29.474,50.452],[29.497,50.45],[29.497,50.435],[29.481,50.42],[29.469,50.416],[29.442,50.419],[29.456,50.401],[29.481,50.413],[29.56,50.422],[29.581,50.408],[29.58,50.406],[29.59,50.4],[29.591,50.381],[29.603,50.374],[29.617,50.364],[29.622,50.366],[29.637,50.371],[29.638,50.357],[29.624,50.347],[29.628,50.33],[29.662,50.324],[29.693,50.325],[29.682,50.312],[29.679,50.285],[29.689,50.28],[29.674,50.278],[29.675,50.267],[29.678,50.26],[29.678,50.256],[29.688,50.242],[29.702,50.234],[29.69,50.228],[29.681,50.214],[29.661,50.194],[29.65,50.186],[29.643,50.18],[29.661,50.17],[29.694,50.156],[29.659,50.128],[29.671,50.117],[29.666,50.112],[29.648,50.106],[29.696,50.045],[29.672,50.033],[29.68,50.02],[29.693,50.006],[29.699,50.006],[29.695,49.996],[29.715,49.981],[29.717,49.979],[29.715,49.967],[29.724,49.967],[29.731,49.966],[29.721,49.959],[29.735,49.944],[29.728,49.933],[29.661,49.908],[29.642,49.898],[29.629,49.885],[29.649,49.878],[29.652,49.865],[29.636,49.866],[29.62,49.853],[29.6,49.846],[29.575,49.841],[29.574,49.837],[29.549,49.828],[29.524,49.826],[29.49,49.826],[29.495,49.815],[29.488,49.809],[29.483,49.802],[29.449,49.802],[29.44,49.804],[29.446,49.733],[29.436,49.729],[29.497,49.713],[29.49,49.708],[29.514,49.663],[29.505,49.649]],[[30.828,50.405],[30.824,50.402],[30.821,50.386],[30.816,50.389],[30.799,50.394],[30.777,50.396],[30.776,50.389],[30.781,50.386],[30.774,50.382],[30.776,50.38],[30.778,50.373],[30.756,50.373],[30.727,50.375],[30.725,50.38],[30.712,50.379],[30.712,50.373],[30.71,50.368],[30.714,50.358],[30.711,50.352],[30.696,50.35],[30.675,50.358],[30.646,50.363],[30.62,50.359],[30.613,50.358],[30.611,50.346],[30.613,50.338],[30.631,50.315],[30.647,50.292],[30.641,50.28],[30.61,50.277],[30.618,50.266],[30.625,50.257],[30.634,50.247],[30.645,50.237],[30.644,50.226],[30.586,50.245],[30.575,50.26],[30.551,50.262],[30.554,50.269],[30.548,50.283],[30.528,50.291],[30.532,50.302],[30.516,50.321],[30.496,50.322],[30.497,50.333],[30.485,50.336],[30.475,50.334],[30.478,50.337],[30.475,50.34],[30.473,50.351],[30.47,50.355],[30.467,50.358],[30.458,50.361],[30.452,50.355],[30.438,50.36],[30.437,50.368],[30.443,50.382],[30.426,50.391],[30.423,50.396],[30.418,50.398],[30.37,50.421],[30.358,50.445],[30.351,50.449],[30.348,50.452],[30.342,50.453],[30.322,50.442],[30.28,50.44],[30.277,50.43],[30.26,50.432],[30.251,50.426],[30.242,50.428],[30.242,50.435],[30.247,50.44],[30.24,50.448],[30.248,50.463],[30.256,50.472],[30.252,50.485],[30.263,50.488],[30.265,50.494],[30.27,50.502],[30.264,50.515],[30.281,50.522],[30.293,50.533],[30.304,50.544],[30.303,50.548],[30.298,50.554],[30.311,50.555],[30.326,50.55],[30.333,50.551],[30.332,50.553],[30.342,50.557],[30.326,50.563],[30.307,50.571],[30.371,50.574],[30.447,50.586],[30.463,50.584],[30.482,50.572],[30.484,50.568],[30.496,50.552],[30.53,50.536],[30.534,50.526],[30.552,50.514],[30.567,50.517],[30.56,50.529],[30.553,50.536],[30.578,50.541],[30.648,50.535],[30.664,50.552],[30.681,50.556],[30.699,50.555],[30.711,50.572],[30.721,50.586],[30.72,50.591],[30.767,50.584],[30.783,50.577],[30.797,50.57],[30.814,50.56],[30.821,50.539],[30.755,50.519],[30.758,50.516],[30.762,50.509],[30.758,50.508],[30.75,50.502],[30.746,50.503],[30.743,50.49],[30.749,50.488],[30.76,50.484],[30.746,50.478],[30.741,50.469],[30.754,50.469],[30.753,50.466],[30.755,50.462],[30.759,50.449],[30.777,50.439],[30.792,50.434],[30.8,50.425],[30.801,50.421],[30.798,50.415],[30.811,50.411],[30.826,50.405],[30.828,50.405]]]]}},{"type":"Feature","properties":{"code":"Chernihiv Oblast","name_uk":"Чернігівська область","alert_key":"Чернігівська область"},"geometry":{"type":"MultiPolygon","coordinates":[[[[32.143,50.349],[32.227,50.351],[32.239,50.353],[32.254,50.347],[32.265,50.354],[32.257,50.358],[32.264,50.362],[32.26,50.367],[32.252,50.373],[32.278,50.38],[32.295,50.398],[32.306,50.401],[32.316,50.417],[32.33,50.426],[32.339,50.428],[32.368,50.416],[32.402,50.412],[32.477,50.397],[32.489,50.397],[32.492,50.393],[32.491,50.39],[32.486,50.375],[32.494,50.366],[32.498,50.363],[32.526,50.346],[32.545,50.355],[32.556,50.355],[32.579,50.359],[32.634,50.357],[32.672,50.37],[32.73,50.356],[32.742,50.357],[32.743,50.352],[32.75,50.36],[32.765,50.349],[32.793,50.347],[32.787,50.362],[32.788,50.366],[32.791,50.368],[32.796,50.371],[32.838,50.375],[32.91,50.406],[32.915,50.412],[32.921,50.425],[32.937,50.431],[32.95,50.446],[32.965,50.444],[32.969,50.452],[32.968,50.459],[32.979,50.463],[32.988,50.474],[33.016,50.471],[33.027,50.493],[33.023,50.502],[33.033,50.502],[33.06,50.518],[33.061,50.522],[33.05,50.54],[33.08,50.567],[33.093,50.585],[33.118,50.592],[33.122,50.599],[33.103,50.602],[33.121,50.64],[33.126,50.651],[33.147,50.655],[33.136,50.711],[33.158,50.715],[33.196,50.723],[33.213,50.722],[33.221,50.728],[33.235,50.736],[33.232,50.738],[33.208,50.747],[33.19,50.751],[33.155,50.792],[33.169,50.8],[33.166,50.816],[33.161,50.82],[33.155,50.828],[33.174,50.843],[33.186,50.849],[33.173,50.856],[33.18,50.867],[33.177,50.868],[33.174,50.871],[33.17,50.876],[33.18,50.895],[33.187,50.894],[33.19,50.891],[33.197,50.891],[33.196,50.895],[33.201,50.893],[33.203,50.898],[33.206,50.902],[33.198,50.918],[33.201,50.933],[33.189,50.963],[33.182,50.959],[33.138,50.97],[33.126,51.001],[33.077,50.992],[33.052,50.989],[33.046,50.991],[33.044,51.0],[33.059,51.016],[33.064,51.023],[33.077,51.03],[33.082,51.04],[33.071,51.062],[33.038,51.071],[32.972,51.088],[32.956,51.086],[32.993,51.144],[32.96,51.163],[32.978,51.188],[32.998,51.199],[33.031,51.204],[33.04,51.219],[33.072,51.256],[33.058,51.266],[33.066,51.275],[33.073,51.283],[33.065,51.283],[33.072,51.287],[33.076,51.29],[33.069,51.29],[33.061,51.287],[33.043,51.289],[33.045,51.296],[33.061,51.297],[33.052,51.298],[33.045,51.302],[33.055,51.303],[33.065,51.305],[33.069,51.311],[33.073,51.316],[33.07,51.329],[33.071,51.332],[33.062,51.347],[33.058,51.345],[33.051,51.343],[33.045,51.342],[33.043,51.345],[33.035,51.358],[33.034,51.371],[33.038,51.401],[33.045,51.404],[33.057,51.404],[33.046,51.395],[33.04,51.396],[33.039,51.391],[33.059,51.384],[33.06,51.379],[33.062,51.371],[33.083,51.372],[33.087,51.369],[33.093,51.37],[33.107,51.366],[33.107,51.373],[33.106,51.377],[33.109,51.382],[33.095,51.385],[33.092,51.39],[33.114,51.386],[33.119,51.382],[33.133,51.382],[33.138,51.395],[33.12,51.401],[33.124,51.404],[33.113,51.428],[33.136,51.467],[33.136,51.494],[33.143,51.495],[33.151,51.496],[33.16,51.495],[33.178,51.507],[33.193,51.514],[33.19,51.523],[33.186,51.537],[33.167,51.544],[33.17,51.554],[33.157,51.565],[33.159,51.569],[33.207,51.57],[33.222,51.58],[33.192,51.584],[33.157,51.608],[33.154,51.642],[33.132,51.643],[33.126,51.645],[33.128,51.655],[33.141,51.662],[33.147,51.669],[33.141,51.678],[33.166,51.681],[33.153,51.682],[33.144,51.691],[33.156,51.689],[33.17,51.696],[33.155,51.703],[33.135,51.722],[33.113,51.74],[33.094,51.76],[33.093,51.767],[33.089,51.775],[33.084,51.772],[33.079,51.776],[33.092,51.781],[33.102,51.782],[33.101,51.789],[33.108,51.795],[33.121,51.806],[33.134,51.816],[33.147,51.816],[33.142,51.828],[33.132,51.833],[33.13,51.836],[33.131,51.844],[33.123,51.845],[33.132,51.856],[33.123,51.864],[33.132,51.862],[33.134,51.871],[33.144,51.873],[33.144,51.878],[33.172,51.882],[33.181,51.89],[33.172,51.902],[33.184,51.903],[33.198,51.91],[33.216,51.911],[33.221,51.905],[33.219,51.911],[33.223,51.913],[33.235,51.909],[33.25,51.917],[33.246,51.921],[33.252,51.926],[33.263,51.919],[33.27,51.923],[33.293,51.925],[33.302,51.933],[33.317,51.934],[33.331,51.93],[33.358,51.935],[33.371,51.946],[33.371,51.953],[33.386,51.953],[33.396,51.96],[33.381,51.973],[33.373,51.977],[33.362,51.98],[33.348,51.994],[33.344,52.0],[33.304,52.013],[33.306,52.018],[33.313,52.015],[33.313,52.026],[33.346,52.029],[33.355,52.031],[33.391,52.05],[33.411,52.034],[33.435,52.029],[33.465,52.039],[33.5,52.089],[33.491,52.083],[33.459,52.089],[33.445,52.097],[33.41,52.116],[33.344,52.145],[33.329,52.142],[33.343,52.138],[33.323,52.136],[33.337,52.155],[33.332,52.163],[33.329,52.17],[33.32,52.174],[33.319,52.181],[33.311,52.185],[33.311,52.188],[33.315,52.192],[33.322,52.19],[33.327,52.195],[33.33,52.198],[33.33,52.205],[33.326,52.212],[33.315,52.215],[33.331,52.215],[33.343,52.221],[33.357,52.228],[33.362,52.238],[33.367,52.245],[33.357,52.254],[33.364,52.255],[33.372,52.258],[33.387,52.271],[33.38,52.271],[33.378,52.274],[33.381,52.277],[33.387,52.279],[33.383,52.279],[33.384,52.285],[33.388,52.291],[33.393,52.294],[33.394,52.302],[33.401,52.3],[33.398,52.309],[33.387,52.316],[33.404,52.322],[33.429,52.345],[33.411,52.349],[33.418,52.353],[33.409,52.359],[33.403,52.36],[33.407,52.367],[33.381,52.372],[33.37,52.362],[33.361,52.364],[33.337,52.352],[33.314,52.355],[33.289,52.358],[33.206,52.373],[33.196,52.379],[33.189,52.373],[33.17,52.369],[33.17,52.341],[33.144,52.344],[33.134,52.345],[33.13,52.338],[33.111,52.325],[33.081,52.308],[33.073,52.304],[33.062,52.306],[33.063,52.315],[33.074,52.315],[33.073,52.322],[33.074,52.324],[33.062,52.328],[33.06,52.33],[33.059,52.318],[33.045,52.307],[33.018,52.293],[32.997,52.288],[32.996,52.277],[32.982,52.274],[32.945,52.264],[32.907,52.246],[32.879,52.259],[32.884,52.273],[32.833,52.278],[32.799,52.265],[32.779,52.259],[32.763,52.255],[32.757,52.267],[32.717,52.259],[32.7,52.255],[32.685,52.266],[32.638,52.287],[32.612,52.301],[32.594,52.304],[32.571,52.31],[32.502,52.327],[32.49,52.314],[32.467,52.324],[32.434,52.322],[32.394,52.334],[32.377,52.337],[32.352,52.316],[32.37,52.275],[32.382,52.278],[32.383,52.27],[32.395,52.25],[32.399,52.249],[32.402,52.246],[32.384,52.24],[32.361,52.24],[32.347,52.244],[32.347,52.241],[32.325,52.223],[32.331,52.206],[32.344,52.195],[32.34,52.181],[32.335,52.176],[32.339,52.174],[32.334,52.168],[32.331,52.168],[32.328,52.165],[32.326,52.163],[32.325,52.16],[32.324,52.152],[32.332,52.156],[32.368,52.146],[32.335,52.14],[32.32,52.136],[32.306,52.12],[32.297,52.119],[32.294,52.12],[32.297,52.114],[32.291,52.108],[32.287,52.103],[32.279,52.1],[32.27,52.097],[32.261,52.093],[32.26,52.091],[32.253,52.089],[32.238,52.089],[32.225,52.087],[32.222,52.085],[32.218,52.082],[32.207,52.075],[32.201,52.073],[32.2,52.066],[32.193,52.067],[32.186,52.072],[32.171,52.072],[32.156,52.072],[32.147,52.069],[32.146,52.065],[32.144,52.061],[32.144,52.058],[32.138,52.052],[32.136,52.054],[32.13,52.049],[32.126,52.046],[32.096,52.044],[32.066,52.035],[32.027,52.049],[32.016,52.048],[31.961,52.052],[31.949,52.046],[31.942,52.047],[31.932,52.045],[31.92,52.045],[31.917,52.042],[31.928,52.046],[31.917,52.053],[31.923,52.058],[31.93,52.06],[31.933,52.058],[31.944,52.061],[31.961,52.075],[31.95,52.083],[31.948,52.082],[31.941,52.082],[31.917,52.097],[31.902,52.103],[31.868,52.11],[31.823,52.099],[31.802,52.102],[31.787,52.112],[31.771,52.112],[31.744,52.103],[31.719,52.103],[31.698,52.108],[31.659,52.118],[31.626,52.116],[31.6,52.116],[31.582,52.118],[31.547,52.12],[31.521,52.125],[31.481,52.117],[31.464,52.121],[31.456,52.131],[31.446,52.14],[31.434,52.141],[31.427,52.141],[31.42,52.139],[31.402,52.142],[31.394,52.139],[31.38,52.134],[31.39,52.123],[31.381,52.12],[31.361,52.112],[31.328,52.105],[31.311,52.087],[31.298,52.052],[31.233,52.049],[31.218,52.057],[31.212,52.063],[31.192,52.075],[31.158,52.081],[31.157,52.086],[31.149,52.087],[31.147,52.09],[31.14,52.103],[31.129,52.101],[31.119,52.098],[31.066,52.091],[31.01,52.081],[30.992,52.079],[30.978,52.078],[30.965,52.09],[30.957,52.088],[30.952,52.081],[30.946,52.073],[30.932,52.072],[30.945,52.06],[30.943,52.046],[30.933,52.04],[30.945,52.026],[30.939,52.013],[30.925,52.016],[30.91,52.009],[30.895,52.002],[30.894,51.994],[30.911,51.989],[30.902,51.984],[30.886,51.985],[30.89,51.975],[30.883,51.967],[30.864,51.972],[30.849,51.962],[30.836,51.961],[30.831,51.952],[30.819,51.956],[30.813,51.936],[30.824,51.919],[30.803,51.899],[30.756,51.904],[30.729,51.887],[30.709,51.868],[30.699,51.843],[30.667,51.822],[30.66,51.815],[30.671,51.791],[30.645,51.785],[30.628,51.773],[30.613,51.767],[30.619,51.759],[30.647,51.764],[30.651,51.753],[30.627,51.714],[30.609,51.707],[30.567,51.708],[30.563,51.696],[30.579,51.676],[30.58,51.651],[30.573,51.642],[30.549,51.643],[30.547,51.637],[30.557,51.623],[30.536,51.622],[30.531,51.616],[30.532,51.603],[30.515,51.604],[30.507,51.597],[30.533,51.588],[30.555,51.575],[30.535,51.575],[30.53,51.562],[30.547,51.541],[30.568,51.551],[30.579,51.552],[30.586,51.538],[30.568,51.513],[30.583,51.502],[30.589,51.485],[30.599,51.473],[30.619,51.472],[30.623,51.465],[30.612,51.457],[30.592,51.456],[30.579,51.447],[30.591,51.425],[30.61,51.431],[30.622,51.429],[30.628,51.42],[30.656,51.376],[30.641,51.368],[30.638,51.356],[30.656,51.345],[30.652,51.335],[30.629,51.334],[30.612,51.323],[30.594,51.312],[30.61,51.309],[30.614,51.306],[30.604,51.305],[30.603,51.301],[30.618,51.306],[30.617,51.298],[30.615,51.285],[30.594,51.281],[30.575,51.272],[30.567,51.258],[30.54,51.258],[30.56,51.242],[30.558,51.233],[30.532,51.236],[30.513,51.233],[30.531,51.202],[30.517,51.187],[30.536,51.184],[30.541,51.178],[30.523,51.173],[30.5,51.175],[30.49,51.145],[30.512,51.119],[30.513,51.102],[30.491,51.098],[30.486,51.09],[30.51,51.074],[30.493,51.049],[30.5,51.022],[30.603,51.01],[30.624,51.008],[30.641,51.0],[30.645,50.964],[30.666,50.938],[30.684,50.902],[30.698,50.901],[30.716,50.897],[30.733,50.895],[30.75,50.884],[30.763,50.878],[30.767,50.872],[30.776,50.856],[30.77,50.85],[30.773,50.84],[30.773,50.828],[30.77,50.817],[30.755,50.81],[30.739,50.817],[30.736,50.808],[30.744,50.798],[30.747,50.792],[30.735,50.783],[30.736,50.777],[30.741,50.771],[30.749,50.772],[30.759,50.772],[30.769,50.776],[30.795,50.77],[30.821,50.764],[30.838,50.767],[30.846,50.773],[30.871,50.78],[30.873,50.777],[30.855,50.772],[30.839,50.758],[30.841,50.754],[30.828,50.75],[30.834,50.745],[30.875,50.747],[30.878,50.768],[30.892,50.766],[30.933,50.763],[30.951,50.757],[30.976,50.762],[31.015,50.763],[31.031,50.761],[31.07,50.765],[31.103,50.779],[31.122,50.75],[31.141,50.747],[31.156,50.738],[31.164,50.724],[31.191,50.702],[31.207,50.697],[31.221,50.684],[31.211,50.662],[31.199,50.645],[31.227,50.627],[31.227,50.613],[31.165,50.608],[31.188,50.589],[31.215,50.574],[31.239,50.57],[31.246,50.568],[31.25,50.556],[31.259,50.556],[31.254,50.545],[31.271,50.537],[31.319,50.527],[31.329,50.501],[31.358,50.53],[31.376,50.528],[31.399,50.524],[31.413,50.518],[31.418,50.503],[31.445,50.506],[31.455,50.511],[31.493,50.52],[31.499,50.522],[31.511,50.521],[31.523,50.536],[31.531,50.53],[31.553,50.52],[31.563,50.519],[31.571,50.528],[31.63,50.521],[31.645,50.53],[31.646,50.553],[31.664,50.551],[31.687,50.564],[31.782,50.56],[31.788,50.58],[31.783,50.607],[31.812,50.624],[31.857,50.632],[31.874,50.62],[31.887,50.61],[31.925,50.59],[31.941,50.573],[31.955,50.544],[32.05,50.542],[32.062,50.529],[32.064,50.512],[32.007,50.487],[31.996,50.497],[31.987,50.497],[31.986,50.488],[31.977,50.485],[31.966,50.488],[31.967,50.484],[31.972,50.483],[31.979,50.481],[31.972,50.467],[32.027,50.435],[32.046,50.402],[32.097,50.416],[32.077,50.393],[32.085,50.387],[32.084,50.381],[32.096,50.372],[32.107,50.377],[32.137,50.377],[32.161,50.369],[32.143,50.349]],[[30.785,51.534],[30.755,51.515],[30.75,51.516],[30.671,51.522],[30.659,51.52],[30.652,51.524],[30.671,51.531],[30.694,51.529],[30.704,51.554],[30.736,51.541],[30.785,51.534]]]]}},{"type":"Feature","properties":{"code":"Sumy Oblast","name_uk":"Сумська область","alert_key":"Сумська область"},"geometry":{"type":"MultiPolygon","coordinates":[[[[33.066,50.52],[33.102,50.517],[33.13,50.512],[33.146,50.511],[33.167,50.521],[33.179,50.521],[33.193,50.508],[33.221,50.503],[33.238,50.51],[33.239,50.519],[33.244,50.538],[33.25,50.541],[33.26,50.549],[33.268,50.554],[33.284,50.546],[33.299,50.535],[33.318,50.52],[33.375,50.497],[33.415,50.492],[33.42,50.483],[33.438,50.479],[33.464,50.493],[33.478,50.483],[33.501,50.498],[33.503,50.495],[33.515,50.483],[33.527,50.482],[33.538,50.485],[33.563,50.489],[33.572,50.495],[33.589,50.492],[33.613,50.484],[33.716,50.468],[33.752,50.459],[33.786,50.461],[33.789,50.469],[33.806,50.478],[33.826,50.488],[33.843,50.491],[33.852,50.501],[33.832,50.507],[33.821,50.509],[33.811,50.515],[33.821,50.515],[33.842,50.52],[33.877,50.533],[33.892,50.533],[33.907,50.516],[33.917,50.516],[34.008,50.521],[34.02,50.512],[34.032,50.509],[34.033,50.505],[34.049,50.51],[34.059,50.508],[34.058,50.51],[34.063,50.517],[34.072,50.515],[34.088,50.509],[34.092,50.491],[34.099,50.481],[34.109,50.481],[34.12,50.51],[34.153,50.52],[34.161,50.523],[34.188,50.525],[34.205,50.524],[34.229,50.527],[34.248,50.519],[34.249,50.46],[34.265,50.432],[34.279,50.421],[34.343,50.39],[34.367,50.376],[34.374,50.372],[34.377,50.358],[34.383,50.352],[34.411,50.337],[34.4,50.318],[34.464,50.289],[34.519,50.281],[34.516,50.273],[34.521,50.263],[34.523,50.257],[34.519,50.254],[34.517,50.255],[34.516,50.248],[34.527,50.241],[34.534,50.246],[34.529,50.249],[34.546,50.244],[34.555,50.24],[34.558,50.23],[34.563,50.231],[34.563,50.236],[34.558,50.207],[34.523,50.177],[34.534,50.171],[34.538,50.154],[34.547,50.14],[34.551,50.132],[34.576,50.122],[34.58,50.128],[34.599,50.122],[34.617,50.118],[34.632,50.112],[34.651,50.113],[34.657,50.114],[34.661,50.111],[34.663,50.115],[34.671,50.127],[34.672,50.133],[34.681,50.131],[34.676,50.119],[34.677,50.111],[34.7,50.112],[34.698,50.122],[34.702,50.133],[34.7,50.15],[34.719,50.151],[34.734,50.161],[34.749,50.156],[34.74,50.145],[34.75,50.146],[34.782,50.153],[34.799,50.16],[34.832,50.156],[34.848,50.166],[34.901,50.16],[34.964,50.156],[34.973,50.164],[34.976,50.182],[35.002,50.183],[35.005,50.181],[35.008,50.185],[35.031,50.179],[35.03,50.166],[35.059,50.185],[35.063,50.186],[35.072,50.196],[35.077,50.201],[35.09,50.212],[35.128,50.227],[35.193,50.228],[35.2,50.238],[35.235,50.228],[35.26,50.234],[35.263,50.248],[35.266,50.265],[35.316,50.271],[35.331,50.277],[35.297,50.29],[35.319,50.314],[35.382,50.294],[35.38,50.311],[35.397,50.319],[35.41,50.322],[35.415,50.328],[35.423,50.335],[35.439,50.317],[35.458,50.31],[35.504,50.3],[35.528,50.295],[35.531,50.294],[35.534,50.298],[35.516,50.317],[35.573,50.32],[35.612,50.326],[35.623,50.321],[35.637,50.315],[35.65,50.31],[35.656,50.312],[35.673,50.326],[35.682,50.331],[35.689,50.335],[35.682,50.348],[35.654,50.347],[35.628,50.354],[35.601,50.367],[35.597,50.383],[35.584,50.393],[35.587,50.431],[35.579,50.453],[35.562,50.459],[35.568,50.458],[35.572,50.456],[35.57,50.455],[35.559,50.454],[35.553,50.458],[35.537,50.46],[35.533,50.465],[35.502,50.481],[35.463,50.505],[35.457,50.506],[35.458,50.513],[35.445,50.529],[35.435,50.536],[35.439,50.544],[35.39,50.58],[35.421,50.6],[35.419,50.609],[35.416,50.616],[35.402,50.632],[35.393,50.65],[35.427,50.655],[35.486,50.656],[35.487,50.671],[35.481,50.681],[35.464,50.684],[35.463,50.694],[35.462,50.703],[35.467,50.71],[35.473,50.726],[35.472,50.737],[35.47,50.744],[35.476,50.752],[35.489,50.777],[35.455,50.782],[35.433,50.794],[35.411,50.803],[35.42,50.827],[35.406,50.863],[35.395,50.865],[35.382,50.87],[35.402,50.88],[35.38,50.896],[35.397,50.907],[35.402,50.91],[35.392,50.92],[35.374,50.923],[35.373,50.932],[35.354,50.932],[35.344,50.935],[35.326,50.947],[35.33,50.952],[35.336,50.963],[35.343,50.967],[35.343,50.988],[35.329,50.996],[35.331,51.002],[35.323,51.014],[35.358,51.006],[35.374,51.009],[35.383,51.013],[35.394,51.02],[35.404,51.023],[35.408,51.029],[35.403,51.032],[35.4,51.034],[35.403,51.039],[35.408,51.043],[35.406,51.048],[35.387,51.053],[35.373,51.066],[35.35,51.062],[35.326,51.074],[35.322,51.082],[35.315,51.087],[35.311,51.082],[35.304,51.078],[35.301,51.073],[35.298,51.072],[35.288,51.069],[35.282,51.068],[35.275,51.066],[35.276,51.063],[35.273,51.059],[35.267,51.058],[35.266,51.063],[35.258,51.061],[35.25,51.064],[35.226,51.052],[35.222,51.051],[35.2,51.053],[35.19,51.054],[35.183,51.062],[35.166,51.077],[35.163,51.084],[35.158,51.082],[35.148,51.082],[35.174,51.088],[35.17,51.103],[35.165,51.101],[35.168,51.119],[35.167,51.126],[35.144,51.137],[35.136,51.145],[35.135,51.149],[35.14,51.152],[35.123,51.165],[35.131,51.174],[35.143,51.203],[35.138,51.209],[35.151,51.221],[35.12,51.231],[35.106,51.233],[35.076,51.232],[35.062,51.224],[35.04,51.204],[35.023,51.221],[35.005,51.232],[34.982,51.231],[34.951,51.227],[34.945,51.219],[34.939,51.21],[34.908,51.205],[34.905,51.199],[34.884,51.196],[34.872,51.192],[34.835,51.183],[34.817,51.169],[34.809,51.172],[34.801,51.175],[34.779,51.178],[34.76,51.177],[34.737,51.179],[34.706,51.175],[34.668,51.198],[34.655,51.247],[34.61,51.251],[34.6,51.252],[34.599,51.247],[34.541,51.252],[34.513,51.242],[34.457,51.254],[34.446,51.262],[34.433,51.265],[34.426,51.268],[34.401,51.271],[34.331,51.24],[34.284,51.25],[34.244,51.263],[34.234,51.27],[34.232,51.273],[34.252,51.275],[34.243,51.285],[34.245,51.294],[34.25,51.297],[34.255,51.299],[34.267,51.299],[34.282,51.311],[34.282,51.32],[34.281,51.335],[34.3,51.335],[34.308,51.336],[34.317,51.331],[34.319,51.338],[34.334,51.351],[34.338,51.359],[34.336,51.363],[34.331,51.368],[34.307,51.373],[34.301,51.378],[34.298,51.374],[34.293,51.388],[34.278,51.386],[34.272,51.383],[34.259,51.395],[34.249,51.401],[34.237,51.399],[34.227,51.409],[34.227,51.422],[34.246,51.432],[34.255,51.44],[34.246,51.451],[34.257,51.461],[34.265,51.47],[34.282,51.473],[34.291,51.487],[34.29,51.51],[34.304,51.511],[34.308,51.519],[34.296,51.524],[34.285,51.533],[34.26,51.533],[34.256,51.548],[34.257,51.56],[34.249,51.576],[34.224,51.576],[34.215,51.589],[34.211,51.6],[34.18,51.624],[34.153,51.643],[34.142,51.644],[34.13,51.649],[34.106,51.657],[34.093,51.662],[34.081,51.666],[34.097,51.672],[34.102,51.678],[34.115,51.685],[34.122,51.686],[34.128,51.689],[34.142,51.691],[34.154,51.69],[34.164,51.689],[34.191,51.698],[34.196,51.697],[34.205,51.694],[34.221,51.703],[34.251,51.702],[34.265,51.704],[34.28,51.706],[34.297,51.708],[34.309,51.72],[34.339,51.714],[34.354,51.713],[34.391,51.718],[34.401,51.717],[34.408,51.72],[34.414,51.722],[34.425,51.728],[34.436,51.733],[34.435,51.75],[34.436,51.762],[34.431,51.767],[34.425,51.774],[34.408,51.794],[34.417,51.808],[34.411,51.818],[34.415,51.825],[34.391,51.835],[34.368,51.846],[34.369,51.851],[34.363,51.859],[34.317,51.881],[34.303,51.887],[34.263,51.878],[34.258,51.889],[34.255,51.905],[34.261,51.909],[34.233,51.913],[34.226,51.928],[34.203,51.941],[34.198,51.95],[34.19,51.969],[34.143,51.968],[34.137,51.973],[34.135,51.989],[34.126,52.006],[34.112,52.006],[34.097,52.004],[34.094,52.029],[34.093,52.036],[34.094,52.047],[34.088,52.054],[34.081,52.071],[34.063,52.073],[34.094,52.085],[34.1,52.093],[34.087,52.109],[34.099,52.112],[34.113,52.138],[34.089,52.155],[34.059,52.167],[34.065,52.183],[34.053,52.197],[34.016,52.202],[34.002,52.224],[33.982,52.234],[33.969,52.234],[33.958,52.242],[33.962,52.246],[33.937,52.25],[33.94,52.266],[33.944,52.283],[33.933,52.29],[33.922,52.305],[33.905,52.302],[33.876,52.306],[33.855,52.333],[33.844,52.345],[33.838,52.35],[33.836,52.361],[33.819,52.363],[33.788,52.366],[33.748,52.357],[33.724,52.353],[33.708,52.363],[33.682,52.357],[33.678,52.352],[33.68,52.348],[33.664,52.344],[33.639,52.34],[33.626,52.338],[33.587,52.322],[33.582,52.311],[33.562,52.319],[33.544,52.324],[33.551,52.319],[33.565,52.31],[33.531,52.305],[33.505,52.306],[33.488,52.311],[33.481,52.316],[33.49,52.329],[33.52,52.343],[33.519,52.352],[33.51,52.358],[33.489,52.358],[33.464,52.363],[33.455,52.365],[33.452,52.357],[33.439,52.353],[33.447,52.342],[33.415,52.325],[33.401,52.313],[33.388,52.311],[33.402,52.304],[33.4,52.299],[33.387,52.297],[33.393,52.291],[33.386,52.289],[33.386,52.281],[33.386,52.28],[33.383,52.276],[33.377,52.276],[33.384,52.274],[33.386,52.273],[33.381,52.265],[33.369,52.259],[33.358,52.258],[33.361,52.246],[33.366,52.242],[33.366,52.233],[33.353,52.221],[33.335,52.216],[33.324,52.222],[33.317,52.213],[33.325,52.209],[33.332,52.201],[33.327,52.198],[33.322,52.194],[33.319,52.19],[33.312,52.19],[33.315,52.185],[33.318,52.183],[33.316,52.176],[33.324,52.17],[33.333,52.166],[33.337,52.162],[33.328,52.155],[33.343,52.135],[33.331,52.139],[33.336,52.144],[33.417,52.123],[33.433,52.109],[33.438,52.088],[33.46,52.087],[33.492,52.087],[33.5,52.038],[33.439,52.033],[33.429,52.026],[33.402,52.051],[33.365,52.04],[33.35,52.031],[33.317,52.032],[33.318,52.017],[33.309,52.015],[33.304,52.015],[33.337,52.006],[33.349,51.999],[33.35,51.984],[33.371,51.979],[33.372,51.971],[33.384,51.972],[33.394,51.955],[33.378,51.955],[33.37,51.95],[33.36,51.946],[33.353,51.93],[33.327,51.933],[33.316,51.937],[33.297,51.935],[33.288,51.923],[33.266,51.92],[33.258,51.924],[33.253,51.923],[33.246,51.919],[33.239,51.916],[33.23,51.909],[33.22,51.913],[33.224,51.906],[33.216,51.906],[33.213,51.913],[33.188,51.912],[33.177,51.906],[33.179,51.896],[33.18,51.886],[33.161,51.881],[33.142,51.876],[33.137,51.873],[33.134,51.862],[33.127,51.865],[33.124,51.861],[33.125,51.855],[33.129,51.846],[33.128,51.842],[33.129,51.835],[33.14,51.833],[33.145,51.828],[33.143,51.814],[33.122,51.811],[33.112,51.797],[33.108,51.792],[33.1,51.785],[33.09,51.785],[33.085,51.781],[33.079,51.773],[33.085,51.769],[33.092,51.775],[33.098,51.762],[33.103,51.746],[33.14,51.725],[33.147,51.715],[33.17,51.7],[33.165,51.692],[33.145,51.692],[33.147,51.684],[33.162,51.683],[33.16,51.678],[33.14,51.673],[33.14,51.664],[33.134,51.66],[33.125,51.65],[33.129,51.642],[33.138,51.64],[33.155,51.607],[33.177,51.597],[33.212,51.582],[33.214,51.578],[33.192,51.573],[33.161,51.566],[33.157,51.556],[33.166,51.552],[33.182,51.54],[33.186,51.53],[33.194,51.523],[33.192,51.506],[33.174,51.5],[33.152,51.494],[33.143,51.497],[33.137,51.495],[33.131,51.479],[33.124,51.461],[33.135,51.417],[33.119,51.404],[33.135,51.4],[33.132,51.394],[33.123,51.381],[33.117,51.387],[33.111,51.389],[33.091,51.388],[33.099,51.386],[33.11,51.38],[33.109,51.375],[33.112,51.37],[33.095,51.368],[33.09,51.368],[33.086,51.373],[33.083,51.369],[33.06,51.371],[33.063,51.38],[33.044,51.386],[33.042,51.394],[33.044,51.397],[33.052,51.397],[33.046,51.41],[33.041,51.404],[33.017,51.396],[33.04,51.368],[33.036,51.35],[33.042,51.343],[33.047,51.344],[33.052,51.344],[33.058,51.347],[33.078,51.34],[33.069,51.332],[33.079,51.322],[33.077,51.313],[33.07,51.308],[33.062,51.307],[33.046,51.304],[33.051,51.3],[33.059,51.299],[33.053,51.295],[33.041,51.292],[33.065,51.292],[33.068,51.287],[33.073,51.288],[33.076,51.288],[33.074,51.284],[33.065,51.282],[33.073,51.275],[33.067,51.269],[33.061,51.258],[33.03,51.227],[33.042,51.205],[33.031,51.199],[32.99,51.197],[32.987,51.184],[32.974,51.154],[32.944,51.091],[32.963,51.09],[33.04,51.081],[33.069,51.069],[33.06,51.049],[33.083,51.037],[33.073,51.032],[33.06,51.023],[33.051,51.012],[33.038,50.994],[33.049,50.991],[33.078,50.982],[33.117,51.007],[33.12,50.998],[33.136,50.963],[33.186,50.96],[33.2,50.962],[33.199,50.931],[33.21,50.904],[33.207,50.9],[33.208,50.894],[33.199,50.897],[33.199,50.893],[33.194,50.892],[33.187,50.892],[33.184,50.893],[33.17,50.885],[33.175,50.873],[33.176,50.871],[33.18,50.868],[33.174,50.866],[33.169,50.851],[33.182,50.845],[33.162,50.83],[33.155,50.823],[33.163,50.815],[33.164,50.803],[33.165,50.791],[33.187,50.751],[33.19,50.746],[33.212,50.736],[33.233,50.736],[33.239,50.732],[33.213,50.728],[33.201,50.723],[33.173,50.717],[33.155,50.709],[33.151,50.694],[33.139,50.649],[33.117,50.647],[33.111,50.611],[33.12,50.6],[33.123,50.595],[33.103,50.593],[33.097,50.58],[33.075,50.557],[33.061,50.527],[33.066,50.52]]]]}},{"type":"Feature","properties":{"code":"Kharkiv Oblast","name_uk":"Харківська область","alert_key":"Харківська область"},"geometry":{"type":"MultiPolygon","coordinates":[[[[34.941,50.153],[34.937,50.096],[34.95,50.094],[34.957,50.082],[34.965,50.075],[34.934,50.055],[34.881,50.006],[34.856,49.987],[34.87,49.957],[34.863,49.954],[34.868,49.948],[34.878,49.944],[34.912,49.935],[34.958,49.891],[34.98,49.89],[35.034,49.887],[35.063,49.882],[35.056,49.874],[35.068,49.859],[35.085,49.86],[35.105,49.858],[35.131,49.855],[35.164,49.853],[35.199,49.84],[35.209,49.834],[35.216,49.818],[35.222,49.807],[35.213,49.803],[35.206,49.804],[35.2,49.8],[35.2,49.796],[35.211,49.789],[35.212,49.772],[35.205,49.756],[35.211,49.749],[35.223,49.737],[35.265,49.715],[35.252,49.713],[35.242,49.713],[35.251,49.711],[35.256,49.709],[35.265,49.685],[35.331,49.681],[35.391,49.667],[35.42,49.671],[35.433,49.673],[35.424,49.664],[35.441,49.644],[35.465,49.603],[35.475,49.568],[35.41,49.562],[35.405,49.555],[35.427,49.55],[35.433,49.54],[35.485,49.517],[35.481,49.484],[35.462,49.484],[35.327,49.496],[35.316,49.456],[35.354,49.447],[35.348,49.405],[35.358,49.382],[35.319,49.375],[35.279,49.318],[35.279,49.292],[35.277,49.288],[35.273,49.284],[35.258,49.282],[35.241,49.297],[35.215,49.296],[35.125,49.303],[35.108,49.3],[35.096,49.302],[35.08,49.309],[35.037,49.332],[35.019,49.318],[35.011,49.3],[34.98,49.25],[35.043,49.155],[35.048,49.174],[35.057,49.176],[35.061,49.176],[35.076,49.17],[35.072,49.159],[35.081,49.161],[35.075,49.154],[35.079,49.148],[35.087,49.141],[35.087,49.144],[35.092,49.151],[35.094,49.154],[35.105,49.158],[35.11,49.157],[35.12,49.163],[35.124,49.164],[35.127,49.159],[35.128,49.161],[35.137,49.157],[35.132,49.154],[35.155,49.153],[35.154,49.154],[35.162,49.161],[35.177,49.159],[35.199,49.156],[35.21,49.151],[35.198,49.15],[35.188,49.145],[35.189,49.142],[35.191,49.14],[35.197,49.139],[35.228,49.127],[35.215,49.126],[35.208,49.118],[35.193,49.114],[35.19,49.11],[35.205,49.109],[35.222,49.105],[35.227,49.102],[35.228,49.101],[35.238,49.114],[35.247,49.112],[35.259,49.106],[35.269,49.096],[35.279,49.091],[35.283,49.095],[35.287,49.094],[35.293,49.095],[35.305,49.092],[35.311,49.088],[35.311,49.076],[35.308,49.073],[35.302,49.069],[35.316,49.068],[35.327,49.064],[35.335,49.061],[35.344,49.054],[35.338,49.05],[35.352,49.041],[35.366,49.037],[35.378,49.033],[35.401,49.03],[35.405,49.028],[35.403,49.024],[35.4,49.019],[35.411,49.012],[35.42,49.013],[35.427,49.011],[35.439,49.011],[35.436,49.004],[35.447,49.001],[35.452,48.999],[35.46,48.996],[35.458,48.988],[35.474,48.984],[35.478,48.979],[35.489,48.98],[35.485,48.978],[35.484,48.974],[35.496,48.978],[35.508,48.982],[35.513,48.981],[35.53,48.982],[35.541,48.978],[35.554,48.976],[35.561,48.974],[35.573,48.974],[35.581,48.98],[35.584,48.987],[35.596,48.987],[35.603,48.981],[35.629,48.981],[35.629,48.967],[35.645,48.968],[35.648,48.974],[35.66,48.975],[35.669,48.972],[35.677,48.971],[35.686,48.97],[35.697,48.964],[35.696,48.954],[35.692,48.945],[35.698,48.943],[35.702,48.946],[35.716,48.954],[35.717,48.96],[35.719,48.964],[35.728,48.964],[35.736,48.966],[35.736,48.959],[35.738,48.952],[35.752,48.947],[35.757,48.952],[35.769,48.953],[35.781,48.95],[35.789,48.954],[35.79,48.946],[35.8,48.944],[35.797,48.939],[35.792,48.935],[35.807,48.927],[35.809,48.939],[35.814,48.942],[35.83,48.95],[35.844,48.948],[35.857,48.945],[35.879,48.963],[35.897,48.972],[35.909,48.972],[35.918,48.969],[35.929,48.975],[35.938,48.974],[35.94,48.979],[35.931,48.98],[35.938,48.987],[35.935,48.994],[35.989,48.969],[36.004,48.946],[36.044,48.915],[36.04,48.874],[36.041,48.844],[36.076,48.833],[36.074,48.83],[36.069,48.823],[36.066,48.813],[36.072,48.809],[36.083,48.809],[36.092,48.809],[36.107,48.809],[36.123,48.805],[36.159,48.784],[36.159,48.768],[36.162,48.749],[36.258,48.667],[36.268,48.666],[36.283,48.659],[36.267,48.649],[36.266,48.648],[36.265,48.639],[36.262,48.631],[36.259,48.624],[36.252,48.621],[36.319,48.587],[36.296,48.531],[36.355,48.54],[36.355,48.532],[36.381,48.57],[36.427,48.614],[36.446,48.614],[36.44,48.614],[36.443,48.629],[36.423,48.635],[36.483,48.664],[36.562,48.623],[36.579,48.616],[36.59,48.608],[36.655,48.61],[36.674,48.618],[36.703,48.628],[36.739,48.626],[36.729,48.647],[36.723,48.654],[36.725,48.662],[36.726,48.666],[36.721,48.673],[36.718,48.677],[36.72,48.684],[36.717,48.69],[36.718,48.694],[36.728,48.693],[36.726,48.714],[36.718,48.745],[36.691,48.77],[36.695,48.779],[36.72,48.806],[36.763,48.797],[36.783,48.789],[36.788,48.78],[36.821,48.771],[36.839,48.776],[36.921,48.798],[36.932,48.793],[36.966,48.793],[36.989,48.775],[37.002,48.766],[37.018,48.76],[37.031,48.75],[37.043,48.766],[37.023,48.775],[37.005,48.797],[37.019,48.802],[37.044,48.815],[37.067,48.817],[37.099,48.851],[37.138,48.844],[37.14,48.833],[37.157,48.824],[37.195,48.85],[37.193,48.881],[37.211,48.888],[37.224,48.904],[37.244,48.906],[37.267,48.906],[37.299,48.923],[37.313,48.923],[37.333,48.935],[37.327,48.937],[37.327,48.942],[37.321,48.938],[37.308,48.945],[37.32,48.953],[37.311,48.957],[37.304,48.966],[37.308,48.969],[37.295,48.968],[37.299,48.972],[37.302,48.976],[37.31,48.98],[37.313,48.977],[37.316,48.984],[37.324,48.985],[37.314,48.99],[37.335,48.994],[37.361,48.998],[37.371,49.005],[37.391,49.026],[37.388,49.039],[37.395,49.051],[37.418,49.063],[37.438,49.061],[37.45,49.061],[37.458,49.057],[37.465,49.062],[37.48,49.057],[37.492,49.066],[37.508,49.076],[37.499,49.089],[37.496,49.093],[37.495,49.105],[37.547,49.112],[37.57,49.135],[37.553,49.141],[37.551,49.149],[37.563,49.146],[37.555,49.166],[37.524,49.176],[37.501,49.18],[37.503,49.187],[37.513,49.2],[37.549,49.213],[37.569,49.231],[37.614,49.233],[37.798,49.202],[37.811,49.206],[37.825,49.203],[37.844,49.204],[37.85,49.222],[37.862,49.233],[37.866,49.246],[37.896,49.253],[37.911,49.259],[37.913,49.277],[37.959,49.285],[37.883,49.313],[37.877,49.328],[37.887,49.342],[37.896,49.404],[37.879,49.413],[37.88,49.416],[37.88,49.436],[37.876,49.447],[37.851,49.487],[37.845,49.502],[37.847,49.52],[37.906,49.529],[37.927,49.542],[37.885,49.549],[37.904,49.571],[37.924,49.57],[37.952,49.575],[37.935,49.594],[37.942,49.596],[37.975,49.613],[37.997,49.628],[37.99,49.635],[37.986,49.644],[38.047,49.657],[38.034,49.659],[38.031,49.665],[38.023,49.672],[38.013,49.677],[38.015,49.679],[38.011,49.685],[38.014,49.696],[38.0,49.701],[38.017,49.714],[37.997,49.713],[37.974,49.709],[37.951,49.731],[37.977,49.767],[37.984,49.756],[37.989,49.753],[38.01,49.757],[38.025,49.773],[38.034,49.778],[38.054,49.784],[38.039,49.796],[38.01,49.813],[38.018,49.838],[38.059,49.837],[38.081,49.838],[38.067,49.865],[38.022,49.909],[38.021,49.919],[38.021,49.926],[38.005,49.967],[37.981,49.977],[37.927,50.034],[37.864,50.054],[37.825,50.068],[37.755,50.078],[37.726,50.107],[37.71,50.134],[37.691,50.142],[37.665,50.159],[37.652,50.17],[37.644,50.174],[37.639,50.18],[37.627,50.204],[37.614,50.22],[37.626,50.245],[37.626,50.293],[37.636,50.311],[37.609,50.317],[37.586,50.314],[37.556,50.33],[37.508,50.347],[37.485,50.357],[37.466,50.38],[37.463,50.423],[37.478,50.431],[37.484,50.445],[37.477,50.459],[37.432,50.443],[37.413,50.433],[37.378,50.433],[37.333,50.437],[37.319,50.433],[37.299,50.406],[37.264,50.394],[37.256,50.393],[37.223,50.378],[37.182,50.363],[37.148,50.356],[37.103,50.357],[37.105,50.352],[37.071,50.347],[37.045,50.345],[36.938,50.35],[36.887,50.338],[36.882,50.338],[36.87,50.336],[36.833,50.313],[36.8,50.306],[36.764,50.292],[36.755,50.29],[36.751,50.283],[36.744,50.28],[36.74,50.283],[36.72,50.277],[36.704,50.265],[36.693,50.269],[36.68,50.238],[36.649,50.218],[36.618,50.227],[36.613,50.224],[36.599,50.231],[36.56,50.251],[36.578,50.258],[36.581,50.262],[36.594,50.275],[36.59,50.279],[36.562,50.285],[36.536,50.284],[36.523,50.289],[36.511,50.295],[36.496,50.303],[36.489,50.306],[36.473,50.313],[36.433,50.331],[36.407,50.31],[36.374,50.3],[36.363,50.288],[36.299,50.299],[36.285,50.305],[36.28,50.323],[36.284,50.336],[36.243,50.358],[36.231,50.372],[36.211,50.387],[36.193,50.404],[36.178,50.402],[36.161,50.432],[36.115,50.439],[36.087,50.448],[36.068,50.451],[36.034,50.447],[36.004,50.445],[35.975,50.441],[35.968,50.435],[35.956,50.434],[35.938,50.434],[35.933,50.431],[35.912,50.434],[35.89,50.439],[35.856,50.429],[35.832,50.434],[35.799,50.411],[35.807,50.405],[35.793,50.39],[35.738,50.354],[35.658,50.351],[35.68,50.343],[35.693,50.346],[35.683,50.335],[35.678,50.331],[35.66,50.327],[35.651,50.313],[35.636,50.313],[35.624,50.32],[35.63,50.324],[35.594,50.331],[35.559,50.321],[35.535,50.302],[35.531,50.298],[35.53,50.293],[35.524,50.29],[35.496,50.293],[35.46,50.315],[35.436,50.322],[35.419,50.33],[35.415,50.326],[35.41,50.321],[35.379,50.321],[35.385,50.306],[35.33,50.319],[35.321,50.312],[35.325,50.278],[35.33,50.274],[35.3,50.263],[35.26,50.257],[35.259,50.243],[35.238,50.236],[35.199,50.235],[35.198,50.238],[35.148,50.242],[35.105,50.214],[35.07,50.206],[35.07,50.197],[35.068,50.19],[35.064,50.183],[35.041,50.165],[35.033,50.173],[35.033,50.18],[35.005,50.178],[35.002,50.181],[34.994,50.184],[34.961,50.186],[34.974,50.159],[34.941,50.153]]]]}},{"type":"Feature","properties":{"code":"Luhansk Oblast","name_uk":"Луганська область","alert_key":"Луганська область"},"geometry":{"type":"MultiPolygon","coordinates":[[[[37.874,49.234],[37.89,49.219],[37.917,49.215],[37.943,49.214],[37.924,49.206],[37.914,49.187],[37.906,49.181],[37.903,49.166],[37.927,49.144],[37.956,49.143],[37.975,49.135],[38.04,49.127],[38.067,49.147],[38.084,49.135],[38.062,49.063],[38.073,49.04],[38.099,48.992],[38.055,48.986],[38.058,48.976],[38.054,48.965],[38.005,48.947],[38.038,48.925],[38.054,48.94],[38.093,48.939],[38.114,48.932],[38.125,48.927],[38.136,48.925],[38.143,48.932],[38.217,48.932],[38.229,48.858],[38.26,48.842],[38.273,48.825],[38.318,48.806],[38.283,48.774],[38.263,48.75],[38.283,48.737],[38.321,48.732],[38.325,48.714],[38.306,48.709],[38.314,48.696],[38.314,48.687],[38.306,48.682],[38.283,48.681],[38.267,48.664],[38.259,48.668],[38.254,48.655],[38.239,48.657],[38.226,48.652],[38.264,48.637],[38.274,48.545],[38.276,48.541],[38.285,48.537],[38.311,48.506],[38.307,48.497],[38.299,48.495],[38.307,48.485],[38.305,48.475],[38.298,48.478],[38.288,48.477],[38.311,48.456],[38.344,48.438],[38.357,48.441],[38.371,48.443],[38.382,48.43],[38.401,48.44],[38.435,48.438],[38.439,48.418],[38.45,48.376],[38.469,48.379],[38.479,48.367],[38.498,48.366],[38.471,48.36],[38.471,48.355],[38.47,48.349],[38.462,48.35],[38.456,48.347],[38.433,48.339],[38.439,48.323],[38.435,48.315],[38.428,48.303],[38.434,48.297],[38.427,48.29],[38.425,48.288],[38.426,48.281],[38.521,48.273],[38.524,48.278],[38.567,48.27],[38.588,48.258],[38.588,48.243],[38.588,48.238],[38.59,48.234],[38.589,48.227],[38.613,48.204],[38.608,48.195],[38.611,48.191],[38.598,48.18],[38.602,48.172],[38.641,48.163],[38.666,48.158],[38.694,48.158],[38.689,48.148],[38.697,48.148],[38.702,48.144],[38.705,48.145],[38.717,48.142],[38.737,48.135],[38.757,48.132],[38.766,48.13],[38.774,48.127],[38.781,48.126],[38.798,48.119],[38.812,48.117],[38.807,48.088],[38.809,48.078],[38.8,48.075],[38.803,48.07],[38.824,48.074],[38.827,48.069],[38.827,48.066],[38.827,48.061],[38.822,48.057],[38.815,48.051],[38.82,48.042],[38.826,48.038],[38.825,48.03],[38.861,48.015],[39.043,47.989],[39.046,47.956],[39.053,47.955],[39.055,47.95],[39.066,47.949],[39.07,47.95],[39.084,47.941],[39.065,47.896],[39.083,47.87],[39.109,47.852],[39.15,47.842],[39.162,47.852],[39.181,47.854],[39.234,47.86],[39.237,47.865],[39.351,47.867],[39.354,47.873],[39.413,47.83],[39.426,47.837],[39.433,47.844],[39.446,47.855],[39.449,47.852],[39.472,47.859],[39.521,47.826],[39.543,47.825],[39.565,47.836],[39.626,47.839],[39.652,47.833],[39.757,47.847],[39.763,47.871],[39.795,47.87],[39.801,47.927],[39.806,47.935],[39.822,47.951],[39.822,47.956],[39.821,47.96],[39.817,47.966],[39.816,47.968],[39.822,47.977],[39.822,47.983],[39.815,47.986],[39.819,47.99],[39.816,47.993],[39.813,47.997],[39.81,48.003],[39.804,48.006],[39.8,48.007],[39.787,48.021],[39.785,48.025],[39.784,48.028],[39.883,48.042],[39.848,48.059],[39.869,48.079],[39.87,48.117],[39.889,48.131],[39.902,48.14],[39.907,48.168],[39.925,48.182],[39.942,48.229],[40.004,48.224],[40.007,48.242],[40.013,48.266],[40.014,48.27],[39.993,48.301],[39.99,48.317],[39.972,48.313],[39.966,48.306],[39.957,48.301],[39.952,48.303],[39.944,48.292],[39.935,48.284],[39.935,48.279],[39.925,48.272],[39.915,48.272],[39.915,48.282],[39.91,48.293],[39.888,48.302],[39.852,48.309],[39.841,48.329],[39.845,48.333],[39.879,48.334],[39.919,48.347],[39.942,48.346],[39.942,48.355],[39.941,48.357],[39.935,48.362],[39.937,48.367],[39.942,48.382],[39.938,48.387],[39.924,48.375],[39.914,48.387],[39.907,48.392],[39.918,48.399],[39.907,48.403],[39.911,48.413],[39.896,48.429],[39.891,48.444],[39.898,48.447],[39.875,48.457],[39.853,48.466],[39.847,48.502],[39.857,48.501],[39.866,48.505],[39.862,48.524],[39.857,48.545],[39.855,48.561],[39.841,48.573],[39.826,48.583],[39.813,48.584],[39.8,48.59],[39.773,48.592],[39.752,48.582],[39.751,48.588],[39.736,48.586],[39.721,48.585],[39.688,48.587],[39.68,48.592],[39.676,48.591],[39.68,48.596],[39.677,48.598],[39.669,48.596],[39.671,48.604],[39.661,48.609],[39.694,48.637],[39.691,48.646],[39.703,48.654],[39.711,48.655],[39.711,48.667],[39.702,48.67],[39.714,48.68],[39.717,48.69],[39.716,48.695],[39.718,48.702],[39.705,48.706],[39.712,48.712],[39.707,48.717],[39.706,48.721],[39.71,48.724],[39.721,48.728],[39.723,48.725],[39.723,48.731],[39.731,48.742],[39.737,48.743],[39.739,48.747],[39.73,48.751],[39.727,48.75],[39.732,48.755],[39.736,48.76],[39.745,48.767],[39.751,48.773],[39.749,48.767],[39.761,48.764],[39.768,48.766],[39.764,48.771],[39.767,48.779],[39.779,48.785],[39.786,48.8],[39.78,48.812],[39.785,48.822],[39.792,48.823],[39.794,48.828],[39.792,48.836],[39.8,48.843],[39.808,48.84],[39.828,48.831],[39.887,48.821],[39.961,48.796],[40.08,48.87],[40.058,48.904],[40.056,48.911],[40.045,48.912],[40.04,48.915],[40.035,48.916],[40.027,48.913],[40.026,48.912],[40.02,48.909],[40.017,48.902],[39.993,48.868],[39.949,48.876],[39.942,48.885],[39.876,48.892],[39.872,48.892],[39.845,48.903],[39.839,48.903],[39.836,48.895],[39.827,48.886],[39.818,48.897],[39.823,48.904],[39.818,48.908],[39.805,48.915],[39.797,48.911],[39.793,48.915],[39.777,48.921],[39.779,48.926],[39.782,48.935],[39.777,48.938],[39.774,48.95],[39.77,48.953],[39.767,48.961],[39.763,48.963],[39.764,48.968],[39.757,48.97],[39.759,48.976],[39.749,48.978],[39.753,48.986],[39.735,48.982],[39.726,48.976],[39.722,48.979],[39.717,48.987],[39.708,48.993],[39.704,48.999],[39.693,48.999],[39.678,48.989],[39.674,49.006],[39.674,49.014],[39.677,49.022],[39.683,49.03],[39.685,49.034],[39.679,49.036],[39.693,49.05],[39.766,49.04],[39.805,49.06],[39.817,49.058],[39.91,49.057],[39.942,49.071],[39.959,49.106],[40.031,49.18],[40.094,49.203],[40.123,49.231],[40.177,49.237],[40.208,49.242],[40.228,49.261],[40.184,49.299],[40.184,49.305],[40.195,49.336],[40.181,49.352],[40.169,49.357],[40.161,49.366],[40.158,49.371],[40.154,49.371],[40.143,49.378],[40.078,49.41],[40.048,49.445],[40.042,49.499],[40.039,49.521],[40.139,49.596],[40.065,49.599],[39.952,49.597],[39.891,49.558],[39.84,49.564],[39.777,49.577],[39.714,49.606],[39.687,49.612],[39.658,49.617],[39.614,49.691],[39.611,49.734],[39.479,49.757],[39.434,49.759],[39.379,49.739],[39.309,49.753],[39.274,49.768],[39.251,49.776],[39.228,49.807],[39.228,49.816],[39.202,49.87],[39.189,49.885],[39.131,49.862],[39.071,49.819],[39.048,49.818],[39.022,49.822],[38.971,49.807],[38.939,49.801],[38.927,49.801],[38.921,49.805],[38.918,49.815],[38.907,49.828],[38.914,49.832],[38.914,49.836],[38.906,49.845],[38.91,49.852],[38.916,49.856],[38.916,49.86],[38.908,49.86],[38.896,49.871],[38.879,49.87],[38.87,49.867],[38.857,49.869],[38.848,49.864],[38.842,49.866],[38.831,49.875],[38.796,49.883],[38.781,49.882],[38.745,49.897],[38.724,49.927],[38.686,49.962],[38.718,49.983],[38.703,49.993],[38.687,50.008],[38.678,49.999],[38.667,49.972],[38.631,49.966],[38.583,49.977],[38.527,49.959],[38.489,49.963],[38.483,49.977],[38.465,49.983],[38.434,50.001],[38.397,49.992],[38.354,50.019],[38.333,50.059],[38.314,50.088],[38.292,50.08],[38.253,50.073],[38.185,50.056],[38.187,50.041],[38.186,50.023],[38.205,50.001],[38.217,49.987],[38.222,49.979],[38.198,49.962],[38.171,49.942],[38.125,49.942],[38.046,49.915],[38.067,49.865],[38.081,49.838],[38.059,49.837],[38.018,49.838],[38.01,49.813],[38.039,49.796],[38.054,49.784],[38.034,49.778],[38.025,49.773],[38.01,49.757],[37.989,49.753],[37.984,49.756],[37.977,49.767],[37.951,49.731],[37.974,49.709],[37.997,49.713],[38.017,49.714],[38.0,49.701],[38.014,49.696],[38.011,49.685],[38.015,49.679],[38.013,49.677],[38.023,49.672],[38.031,49.665],[38.034,49.659],[38.047,49.657],[37.986,49.644],[37.99,49.635],[37.997,49.628],[37.975,49.613],[37.942,49.596],[37.935,49.594],[37.952,49.575],[37.924,49.57],[37.904,49.571],[37.885,49.549],[37.927,49.542],[37.906,49.529],[37.847,49.52],[37.845,49.502],[37.851,49.487],[37.876,49.447],[37.88,49.436],[37.88,49.416],[37.879,49.413],[37.896,49.404],[37.887,49.342],[37.877,49.328],[37.883,49.313],[37.959,49.285],[37.913,49.277],[37.911,49.259],[37.896,49.253],[37.866,49.246],[37.874,49.234]]]]}},{"type":"Feature","properties":{"code":"Donetsk Oblast","name_uk":"Донецька область","alert_key":"Донецька область"},"geometry":{"type":"MultiPolygon","coordinates":[[[[36.739,48.626],[36.779,48.601],[36.824,48.57],[36.86,48.569],[36.866,48.56],[36.872,48.55],[36.885,48.542],[36.907,48.521],[36.889,48.521],[36.857,48.487],[36.837,48.443],[36.848,48.428],[36.85,48.421],[36.85,48.416],[36.837,48.42],[36.83,48.417],[36.826,48.412],[36.83,48.411],[36.833,48.408],[36.835,48.405],[36.828,48.369],[36.812,48.369],[36.809,48.348],[36.871,48.317],[36.912,48.309],[36.93,48.196],[36.915,48.194],[36.904,48.193],[36.902,48.188],[36.897,48.187],[36.893,48.191],[36.895,48.185],[36.894,48.18],[36.883,48.179],[36.88,48.182],[36.896,48.078],[36.882,48.062],[36.867,48.052],[36.855,48.035],[36.845,48.038],[36.834,48.035],[36.819,48.04],[36.808,48.047],[36.805,48.052],[36.794,48.048],[36.783,48.047],[36.773,48.048],[36.764,48.056],[36.761,48.052],[36.755,48.05],[36.744,48.052],[36.742,48.058],[36.748,48.061],[36.739,48.066],[36.731,48.069],[36.724,48.076],[36.722,48.081],[36.715,48.085],[36.711,48.08],[36.683,48.086],[36.668,48.091],[36.661,48.091],[36.658,48.098],[36.651,48.099],[36.644,48.097],[36.641,48.091],[36.649,48.093],[36.647,48.09],[36.64,48.089],[36.629,48.089],[36.632,48.087],[36.63,48.084],[36.626,48.085],[36.617,48.086],[36.6,48.089],[36.595,48.082],[36.588,48.08],[36.583,48.08],[36.581,48.077],[36.585,48.072],[36.578,48.062],[36.582,48.06],[36.574,48.04],[36.591,48.02],[36.572,48.01],[36.577,48.01],[36.586,48.0],[36.576,47.998],[36.629,47.962],[36.618,47.917],[36.59,47.921],[36.542,47.906],[36.577,47.88],[36.605,47.851],[36.599,47.818],[36.588,47.785],[36.671,47.794],[36.7,47.732],[36.792,47.685],[36.792,47.681],[36.781,47.677],[36.785,47.673],[36.779,47.668],[36.776,47.666],[36.769,47.666],[36.753,47.667],[36.754,47.664],[36.718,47.659],[36.766,47.634],[36.745,47.622],[36.765,47.608],[36.763,47.601],[36.83,47.624],[36.944,47.576],[36.98,47.561],[37.021,47.553],[37.078,47.492],[37.129,47.47],[37.129,47.468],[37.18,47.484],[37.19,47.469],[37.208,47.467],[37.211,47.469],[37.245,47.469],[37.248,47.457],[37.232,47.438],[37.203,47.356],[37.146,47.381],[37.122,47.34],[37.095,47.326],[37.083,47.318],[37.084,47.315],[37.034,47.309],[37.026,47.315],[36.944,47.321],[36.936,47.287],[36.949,47.228],[36.963,47.202],[36.931,47.207],[36.892,47.2],[36.857,47.198],[36.858,47.192],[36.859,47.189],[36.864,47.185],[36.876,47.181],[36.882,47.175],[36.886,47.177],[36.889,47.171],[36.903,47.17],[36.912,47.167],[36.918,47.171],[36.923,47.161],[36.937,47.161],[36.946,47.16],[36.95,47.155],[36.955,47.15],[36.964,47.145],[36.97,47.136],[36.979,47.127],[36.988,47.126],[36.998,47.13],[37.003,47.121],[37.006,47.113],[37.011,47.111],[37.002,47.101],[37.011,47.098],[37.013,47.089],[36.999,47.084],[37.081,47.047],[37.099,47.059],[37.089,47.007],[37.103,46.96],[37.021,46.928],[37.062,46.884],[37.196,46.701],[37.28,46.688],[37.365,46.694],[37.438,46.716],[38.141,46.861],[38.229,47.123],[38.236,47.14],[38.234,47.204],[38.241,47.21],[38.24,47.219],[38.236,47.225],[38.233,47.229],[38.254,47.234],[38.288,47.239],[38.324,47.257],[38.329,47.267],[38.331,47.276],[38.327,47.28],[38.328,47.285],[38.334,47.297],[38.327,47.299],[38.336,47.306],[38.221,47.327],[38.223,47.333],[38.232,47.344],[38.246,47.351],[38.249,47.357],[38.257,47.373],[38.286,47.391],[38.302,47.393],[38.288,47.476],[38.289,47.489],[38.29,47.499],[38.292,47.506],[38.285,47.509],[38.305,47.545],[38.306,47.548],[38.311,47.576],[38.35,47.617],[38.456,47.644],[38.626,47.653],[38.629,47.669],[38.666,47.699],[38.736,47.695],[38.734,47.687],[38.74,47.685],[38.737,47.68],[38.747,47.686],[38.753,47.687],[38.773,47.686],[38.771,47.718],[38.773,47.719],[38.778,47.736],[38.789,47.738],[38.793,47.769],[38.797,47.774],[38.789,47.778],[38.787,47.785],[38.784,47.792],[38.789,47.816],[38.829,47.823],[38.829,47.828],[38.825,47.835],[38.83,47.85],[38.838,47.851],[38.843,47.865],[38.879,47.876],[38.892,47.873],[38.898,47.874],[38.903,47.872],[38.912,47.876],[38.927,47.873],[38.956,47.869],[39.065,47.896],[39.084,47.941],[39.07,47.95],[39.066,47.949],[39.055,47.95],[39.053,47.955],[39.046,47.956],[39.043,47.989],[38.861,48.015],[38.825,48.03],[38.826,48.038],[38.82,48.042],[38.815,48.051],[38.822,48.057],[38.827,48.061],[38.827,48.066],[38.827,48.069],[38.824,48.074],[38.803,48.07],[38.8,48.075],[38.809,48.078],[38.807,48.088],[38.812,48.117],[38.798,48.119],[38.781,48.126],[38.774,48.127],[38.766,48.13],[38.757,48.132],[38.737,48.135],[38.717,48.142],[38.705,48.145],[38.702,48.144],[38.697,48.148],[38.689,48.148],[38.694,48.158],[38.666,48.158],[38.641,48.163],[38.602,48.172],[38.598,48.18],[38.611,48.191],[38.608,48.195],[38.613,48.204],[38.589,48.227],[38.59,48.234],[38.588,48.238],[38.588,48.243],[38.588,48.258],[38.567,48.27],[38.524,48.278],[38.521,48.273],[38.426,48.281],[38.425,48.288],[38.427,48.29],[38.434,48.297],[38.428,48.303],[38.435,48.315],[38.439,48.323],[38.433,48.339],[38.456,48.347],[38.462,48.35],[38.47,48.349],[38.471,48.355],[38.471,48.36],[38.498,48.366],[38.479,48.367],[38.469,48.379],[38.45,48.376],[38.439,48.418],[38.435,48.438],[38.401,48.44],[38.382,48.43],[38.371,48.443],[38.357,48.441],[38.344,48.438],[38.311,48.456],[38.288,48.477],[38.298,48.478],[38.305,48.475],[38.307,48.485],[38.299,48.495],[38.307,48.497],[38.311,48.506],[38.285,48.537],[38.276,48.541],[38.274,48.545],[38.264,48.637],[38.226,48.652],[38.239,48.657],[38.254,48.655],[38.259,48.668],[38.267,48.664],[38.283,48.681],[38.306,48.682],[38.314,48.687],[38.314,48.696],[38.306,48.709],[38.325,48.714],[38.321,48.732],[38.283,48.737],[38.263,48.75],[38.283,48.774],[38.318,48.806],[38.273,48.825],[38.26,48.842],[38.229,48.858],[38.217,48.932],[38.143,48.932],[38.136,48.925],[38.125,48.927],[38.114,48.932],[38.093,48.939],[38.054,48.94],[38.038,48.925],[38.005,48.947],[38.054,48.965],[38.058,48.976],[38.055,48.986],[38.099,48.992],[38.073,49.04],[38.062,49.063],[38.084,49.135],[38.067,49.147],[38.04,49.127],[37.975,49.135],[37.956,49.143],[37.927,49.144],[37.903,49.166],[37.906,49.181],[37.914,49.187],[37.924,49.206],[37.943,49.214],[37.917,49.215],[37.89,49.219],[37.874,49.234],[37.852,49.222],[37.847,49.205],[37.843,49.201],[37.825,49.206],[37.798,49.209],[37.712,49.22],[37.597,49.23],[37.557,49.224],[37.529,49.207],[37.508,49.191],[37.505,49.185],[37.509,49.18],[37.543,49.169],[37.564,49.149],[37.56,49.145],[37.542,49.145],[37.563,49.133],[37.585,49.126],[37.498,49.104],[37.487,49.1],[37.502,49.092],[37.507,49.081],[37.505,49.07],[37.491,49.063],[37.468,49.055],[37.46,49.056],[37.451,49.053],[37.444,49.057],[37.43,49.06],[37.406,49.052],[37.385,49.048],[37.385,49.034],[37.376,49.027],[37.373,48.999],[37.345,49.003],[37.321,48.99],[37.313,48.987],[37.323,48.983],[37.315,48.977],[37.313,48.98],[37.307,48.981],[37.297,48.975],[37.295,48.971],[37.3,48.967],[37.31,48.967],[37.304,48.964],[37.32,48.957],[37.308,48.951],[37.311,48.942],[37.327,48.938],[37.333,48.941],[37.329,48.935],[37.328,48.922],[37.299,48.92],[37.269,48.923],[37.245,48.909],[37.223,48.909],[37.214,48.893],[37.198,48.882],[37.189,48.872],[37.192,48.814],[37.151,48.832],[37.146,48.842],[37.135,48.843],[37.078,48.818],[37.066,48.814],[37.024,48.818],[37.007,48.803],[36.995,48.787],[37.023,48.767],[37.036,48.746],[37.02,48.756],[37.008,48.765],[36.999,48.77],[36.976,48.79],[36.946,48.796],[36.921,48.795],[36.854,48.8],[36.841,48.773],[36.816,48.777],[36.792,48.786],[36.791,48.801],[36.735,48.804],[36.705,48.788],[36.689,48.776],[36.709,48.767],[36.712,48.744],[36.736,48.704],[36.726,48.694],[36.712,48.692],[36.719,48.688],[36.716,48.68],[36.716,48.674],[36.725,48.67],[36.722,48.663],[36.73,48.657],[36.728,48.652],[36.734,48.647],[36.739,48.626]]]]}},{"type":"Feature","properties":{"code":"Zaporizhia Oblast","name_uk":"Запорізька область","alert_key":"Запорізька область"},"geometry":{"type":"MultiPolygon","coordinates":[[[[35.468,46.146],[35.503,46.176],[35.531,46.214],[35.582,46.263],[35.648,46.288],[35.706,46.332],[35.767,46.363],[35.822,46.392],[35.867,46.383],[35.92,46.344],[35.986,46.316],[36.041,46.304],[36.118,46.301],[36.194,46.311],[36.246,46.329],[36.292,46.353],[36.341,46.394],[36.409,46.439],[36.476,46.493],[36.499,46.528],[36.574,46.512],[36.66,46.473],[36.761,46.459],[36.829,46.466],[36.907,46.49],[36.959,46.522],[36.997,46.561],[37.019,46.606],[37.064,46.662],[37.133,46.698],[37.062,46.884],[37.021,46.928],[37.103,46.96],[37.089,47.007],[37.099,47.059],[37.081,47.047],[36.999,47.084],[37.013,47.089],[37.011,47.098],[37.002,47.101],[37.011,47.111],[37.006,47.113],[37.003,47.121],[36.998,47.13],[36.988,47.126],[36.979,47.127],[36.97,47.136],[36.964,47.145],[36.955,47.15],[36.95,47.155],[36.946,47.16],[36.937,47.161],[36.923,47.161],[36.918,47.171],[36.912,47.167],[36.903,47.17],[36.889,47.171],[36.886,47.177],[36.882,47.175],[36.876,47.181],[36.864,47.185],[36.859,47.189],[36.858,47.192],[36.857,47.198],[36.892,47.2],[36.931,47.207],[36.963,47.202],[36.949,47.228],[36.936,47.287],[36.944,47.321],[37.026,47.315],[37.034,47.309],[37.084,47.315],[37.083,47.318],[37.095,47.326],[37.122,47.34],[37.146,47.381],[37.203,47.356],[37.232,47.438],[37.248,47.457],[37.245,47.469],[37.211,47.469],[37.208,47.467],[37.19,47.469],[37.18,47.484],[37.129,47.468],[37.129,47.47],[37.078,47.492],[37.021,47.553],[36.98,47.561],[36.944,47.576],[36.83,47.624],[36.763,47.601],[36.765,47.608],[36.745,47.622],[36.766,47.634],[36.718,47.659],[36.754,47.664],[36.753,47.667],[36.769,47.666],[36.776,47.666],[36.779,47.668],[36.785,47.673],[36.781,47.677],[36.792,47.681],[36.792,47.685],[36.7,47.732],[36.671,47.794],[36.588,47.785],[36.599,47.818],[36.605,47.851],[36.521,47.836],[36.47,47.824],[36.422,47.829],[36.398,47.831],[36.374,47.838],[36.323,47.836],[36.329,47.827],[36.328,47.823],[36.299,47.816],[36.276,47.815],[36.266,47.833],[36.193,47.838],[36.188,47.842],[36.197,47.857],[36.177,47.857],[36.102,47.843],[36.096,47.85],[36.069,47.867],[36.054,47.88],[36.087,47.861],[36.117,47.871],[36.122,47.9],[36.11,47.925],[36.109,47.942],[36.074,47.965],[36.048,47.966],[36.066,47.982],[36.042,48.004],[36.066,48.025],[36.058,48.047],[35.975,48.043],[35.983,48.057],[35.989,48.058],[35.975,48.059],[35.974,48.067],[35.977,48.078],[35.985,48.085],[35.976,48.086],[35.967,48.095],[35.817,48.066],[35.795,48.096],[35.776,48.097],[35.756,48.098],[35.743,48.096],[35.593,48.098],[35.519,48.095],[35.486,48.095],[35.479,48.097],[35.474,48.098],[35.45,48.103],[35.421,48.105],[35.405,48.112],[35.394,48.114],[35.378,48.118],[35.369,48.119],[35.353,48.121],[35.344,48.123],[35.338,48.123],[35.295,48.144],[35.265,48.142],[35.242,48.135],[35.21,48.14],[35.179,48.131],[35.102,48.132],[35.065,48.122],[35.045,48.108],[35.02,48.097],[34.996,48.092],[34.986,48.097],[34.93,48.093],[34.91,48.104],[34.92,48.115],[34.881,48.127],[34.855,48.133],[34.839,48.051],[34.858,48.015],[34.87,47.982],[34.912,47.958],[34.914,47.941],[34.881,47.929],[34.849,47.938],[34.802,47.916],[34.828,47.869],[34.85,47.877],[34.864,47.879],[34.897,47.853],[34.879,47.818],[34.958,47.77],[34.954,47.739],[34.952,47.727],[34.93,47.712],[34.906,47.674],[34.933,47.636],[34.937,47.598],[34.934,47.59],[34.932,47.593],[34.929,47.59],[34.936,47.582],[34.928,47.58],[34.946,47.574],[34.936,47.568],[34.957,47.569],[34.958,47.538],[34.929,47.525],[34.876,47.515],[34.84,47.521],[34.796,47.537],[34.67,47.556],[34.588,47.562],[34.528,47.554],[34.478,47.534],[34.424,47.53],[34.3,47.519],[34.234,47.494],[34.139,47.477],[34.218,47.453],[34.243,47.434],[34.256,47.394],[34.26,47.361],[34.283,47.326],[34.283,47.318],[34.3,47.272],[34.305,47.269],[34.358,47.293],[34.401,47.287],[34.419,47.301],[34.492,47.332],[34.5,47.339],[34.512,47.339],[34.516,47.333],[34.509,47.325],[34.515,47.323],[34.479,47.315],[34.488,47.28],[34.524,47.267],[34.53,47.251],[34.491,47.241],[34.553,47.106],[34.592,47.027],[34.617,46.993],[34.624,46.973],[34.654,46.977],[34.685,46.956],[34.753,46.88],[34.813,46.834],[34.758,46.823],[34.75,46.781],[34.735,46.757],[34.659,46.74],[34.625,46.724],[34.681,46.692],[34.685,46.677],[34.756,46.627],[34.723,46.581],[34.758,46.549],[34.895,46.538],[34.89,46.507],[34.948,46.503],[35.022,46.479],[35.071,46.38],[35.058,46.376],[35.069,46.33],[35.074,46.3],[35.128,46.302],[35.227,46.281],[35.278,46.265],[35.468,46.146]]]]}},{"type":"Feature","properties":{"code":"Lviv Oblast","name_uk":"Львівська область","alert_key":"Львівська область"},"geometry":{"type":"MultiPolygon","coordinates":[[[[24.098,50.637],[24.097,50.611],[24.09,50.578],[24.076,50.523],[24.038,50.455],[24.006,50.435],[23.941,50.414],[23.803,50.405],[23.727,50.388],[23.703,50.375],[23.691,50.353],[23.686,50.332],[23.631,50.305],[23.581,50.266],[23.506,50.23],[23.429,50.184],[23.342,50.134],[23.299,50.107],[23.284,50.099],[23.279,50.086],[23.239,50.054],[23.213,50.031],[23.115,49.957],[23.089,49.925],[23.033,49.881],[22.971,49.839],[22.962,49.805],[22.933,49.793],[22.898,49.764],[22.885,49.745],[22.852,49.72],[22.822,49.695],[22.804,49.692],[22.783,49.657],[22.695,49.582],[22.678,49.561],[22.663,49.539],[22.651,49.508],[22.697,49.495],[22.713,49.438],[22.747,49.36],[22.751,49.317],[22.74,49.247],[22.717,49.236],[22.72,49.221],[22.737,49.218],[22.748,49.216],[22.734,49.211],[22.729,49.204],[22.723,49.196],[22.708,49.181],[22.715,49.17],[22.719,49.165],[22.724,49.174],[22.734,49.18],[22.738,49.182],[22.743,49.183],[22.753,49.181],[22.756,49.181],[22.749,49.173],[22.738,49.161],[22.744,49.158],[22.749,49.156],[22.755,49.154],[22.774,49.156],[22.785,49.158],[22.792,49.155],[22.793,49.147],[22.8,49.136],[22.808,49.133],[22.813,49.131],[22.812,49.125],[22.819,49.126],[22.829,49.119],[22.829,49.113],[22.837,49.112],[22.843,49.11],[22.854,49.111],[22.855,49.106],[22.86,49.103],[22.867,49.101],[22.87,49.1],[22.88,49.099],[22.886,49.099],[22.89,49.097],[22.886,49.086],[22.881,49.083],[22.884,49.082],[22.867,49.075],[22.869,49.07],[22.867,49.068],[22.869,49.062],[22.868,49.057],[22.871,49.058],[22.874,49.056],[22.87,49.047],[22.867,49.04],[22.874,49.037],[22.881,49.038],[22.874,49.031],[22.88,49.024],[22.886,49.019],[22.894,49.017],[22.892,49.009],[22.893,49.005],[22.914,48.989],[22.919,48.982],[22.919,48.97],[22.906,48.966],[22.899,48.969],[22.873,48.957],[22.872,48.945],[22.878,48.932],[22.89,48.911],[22.919,48.895],[22.958,48.878],[22.971,48.874],[22.969,48.865],[22.972,48.851],[22.981,48.839],[23.01,48.837],[23.021,48.847],[23.044,48.851],[23.058,48.846],[23.084,48.854],[23.099,48.863],[23.115,48.857],[23.131,48.852],[23.13,48.839],[23.15,48.833],[23.17,48.809],[23.179,48.792],[23.193,48.777],[23.202,48.76],[23.225,48.763],[23.248,48.76],[23.259,48.761],[23.272,48.766],[23.281,48.775],[23.296,48.768],[23.317,48.753],[23.34,48.757],[23.354,48.764],[23.362,48.771],[23.374,48.759],[23.38,48.742],[23.397,48.733],[23.431,48.726],[23.467,48.724],[23.472,48.718],[23.492,48.722],[23.512,48.735],[23.534,48.725],[23.548,48.726],[23.544,48.741],[23.561,48.764],[23.568,48.773],[23.576,48.781],[23.574,48.788],[23.569,48.804],[23.558,48.815],[23.552,48.823],[23.57,48.839],[23.574,48.847],[23.571,48.855],[23.577,48.866],[23.581,48.872],[23.606,48.873],[23.607,48.884],[23.594,48.883],[23.582,48.885],[23.571,48.9],[23.566,48.907],[23.572,48.932],[23.583,48.946],[23.58,48.958],[23.567,48.969],[23.576,48.98],[23.599,49.0],[23.624,49.013],[23.622,49.025],[23.636,49.031],[23.649,49.022],[23.662,49.027],[23.678,49.044],[23.678,49.057],[23.677,49.075],[23.683,49.086],[23.699,49.1],[23.711,49.101],[23.737,49.104],[23.754,49.117],[23.763,49.125],[23.781,49.12],[23.792,49.115],[23.803,49.107],[23.823,49.11],[23.854,49.111],[23.878,49.107],[23.898,49.102],[23.914,49.109],[23.932,49.122],[23.962,49.128],[24.004,49.13],[24.014,49.118],[24.023,49.118],[24.058,49.147],[24.088,49.148],[24.11,49.14],[24.124,49.14],[24.143,49.141],[24.155,49.128],[24.163,49.134],[24.182,49.143],[24.198,49.133],[24.198,49.139],[24.207,49.148],[24.219,49.145],[24.243,49.148],[24.249,49.151],[24.293,49.168],[24.333,49.18],[24.353,49.181],[24.384,49.189],[24.416,49.168],[24.437,49.177],[24.436,49.182],[24.438,49.198],[24.437,49.214],[24.447,49.231],[24.429,49.232],[24.388,49.228],[24.341,49.243],[24.348,49.255],[24.351,49.262],[24.359,49.27],[24.359,49.281],[24.339,49.292],[24.324,49.286],[24.305,49.277],[24.299,49.296],[24.341,49.31],[24.346,49.311],[24.381,49.308],[24.401,49.336],[24.394,49.341],[24.4,49.362],[24.406,49.366],[24.421,49.372],[24.429,49.373],[24.422,49.378],[24.42,49.383],[24.406,49.393],[24.39,49.409],[24.374,49.43],[24.361,49.433],[24.384,49.442],[24.418,49.474],[24.401,49.495],[24.409,49.499],[24.44,49.512],[24.442,49.517],[24.45,49.545],[24.481,49.544],[24.485,49.546],[24.486,49.543],[24.489,49.544],[24.499,49.54],[24.491,49.535],[24.494,49.527],[24.502,49.519],[24.517,49.517],[24.544,49.523],[24.57,49.534],[24.577,49.527],[24.601,49.515],[24.616,49.509],[24.622,49.51],[24.64,49.497],[24.652,49.5],[24.678,49.496],[24.7,49.492],[24.702,49.494],[24.721,49.497],[24.72,49.514],[24.724,49.535],[24.729,49.547],[24.759,49.572],[24.766,49.572],[24.796,49.583],[24.814,49.587],[24.832,49.585],[24.834,49.599],[24.846,49.601],[24.865,49.6],[24.865,49.603],[24.867,49.604],[24.871,49.61],[24.886,49.602],[24.908,49.6],[24.901,49.606],[24.898,49.61],[24.908,49.614],[24.912,49.614],[24.923,49.613],[24.927,49.61],[24.939,49.611],[24.938,49.615],[24.94,49.616],[24.944,49.619],[24.954,49.616],[24.957,49.62],[24.963,49.626],[24.957,49.634],[24.983,49.637],[24.986,49.646],[24.998,49.66],[24.994,49.669],[24.997,49.697],[25.027,49.736],[25.046,49.731],[25.067,49.712],[25.072,49.716],[25.097,49.729],[25.115,49.746],[25.09,49.76],[25.072,49.77],[25.076,49.779],[25.09,49.782],[25.084,49.8],[25.084,49.828],[25.097,49.822],[25.124,49.819],[25.137,49.815],[25.145,49.828],[25.152,49.833],[25.172,49.832],[25.183,49.837],[25.21,49.83],[25.237,49.824],[25.246,49.835],[25.259,49.839],[25.263,49.834],[25.269,49.833],[25.286,49.828],[25.294,49.84],[25.293,49.843],[25.297,49.85],[25.305,49.852],[25.311,49.851],[25.335,49.858],[25.338,49.864],[25.363,49.865],[25.375,49.868],[25.381,49.877],[25.389,49.897],[25.387,49.927],[25.389,49.934],[25.401,49.937],[25.421,49.938],[25.427,49.943],[25.404,49.948],[25.412,49.97],[25.374,49.992],[25.347,50.004],[25.306,50.031],[25.269,50.062],[25.197,50.131],[25.201,50.164],[25.204,50.17],[25.215,50.18],[25.17,50.202],[25.169,50.223],[25.185,50.226],[25.19,50.249],[25.203,50.254],[25.175,50.289],[25.154,50.289],[25.117,50.283],[25.113,50.287],[25.077,50.293],[25.054,50.301],[25.052,50.306],[25.053,50.308],[25.053,50.313],[25.053,50.316],[25.056,50.324],[25.06,50.326],[25.054,50.335],[25.06,50.341],[25.044,50.343],[25.017,50.342],[24.941,50.389],[24.929,50.378],[24.94,50.364],[24.913,50.348],[24.889,50.346],[24.887,50.359],[24.861,50.355],[24.856,50.351],[24.81,50.348],[24.789,50.346],[24.767,50.338],[24.716,50.36],[24.707,50.384],[24.676,50.398],[24.651,50.403],[24.648,50.411],[24.626,50.408],[24.599,50.456],[24.598,50.467],[24.593,50.48],[24.588,50.493],[24.567,50.489],[24.563,50.494],[24.554,50.506],[24.558,50.511],[24.547,50.534],[24.516,50.556],[24.489,50.556],[24.467,50.542],[24.453,50.541],[24.435,50.546],[24.416,50.559],[24.401,50.569],[24.399,50.574],[24.413,50.587],[24.395,50.597],[24.376,50.605],[24.352,50.599],[24.323,50.6],[24.32,50.583],[24.312,50.572],[24.293,50.574],[24.266,50.581],[24.235,50.585],[24.228,50.587],[24.225,50.591],[24.219,50.594],[24.211,50.592],[24.209,50.598],[24.21,50.602],[24.208,50.604],[24.203,50.606],[24.2,50.608],[24.202,50.613],[24.196,50.613],[24.187,50.615],[24.182,50.617],[24.173,50.616],[24.176,50.619],[24.176,50.624],[24.173,50.626],[24.172,50.629],[24.172,50.631],[24.171,50.635],[24.166,50.638],[24.159,50.641],[24.156,50.643],[24.155,50.647],[24.151,50.647],[24.144,50.643],[24.14,50.647],[24.134,50.646],[24.13,50.648],[24.122,50.646],[24.118,50.645],[24.115,50.642],[24.111,50.636],[24.098,50.637]]]]}},{"type":"Feature","properties":{"code":"Ivano-Frankivsk Oblast","name_uk":"Івано-Франківська область","alert_key":"Івано-Франківська область"},"geometry":{"type":"MultiPolygon","coordinates":[[[[23.548,48.726],[23.572,48.725],[23.59,48.719],[23.594,48.713],[23.598,48.705],[23.613,48.704],[23.625,48.707],[23.639,48.698],[23.64,48.689],[23.654,48.677],[23.662,48.673],[23.676,48.665],[23.681,48.657],[23.699,48.643],[23.734,48.639],[23.755,48.645],[23.774,48.641],[23.783,48.641],[23.798,48.631],[23.796,48.62],[23.788,48.605],[23.791,48.594],[23.803,48.585],[23.822,48.579],[23.833,48.568],[23.863,48.553],[23.881,48.553],[23.892,48.554],[23.912,48.556],[23.927,48.548],[23.918,48.536],[23.92,48.53],[23.922,48.523],[23.925,48.513],[23.919,48.503],[23.913,48.489],[23.907,48.483],[23.924,48.467],[23.945,48.463],[23.962,48.458],[23.98,48.466],[23.974,48.478],[23.984,48.486],[23.994,48.501],[24.004,48.507],[24.017,48.505],[24.032,48.501],[24.046,48.512],[24.068,48.518],[24.081,48.517],[24.088,48.527],[24.109,48.533],[24.123,48.534],[24.133,48.524],[24.124,48.514],[24.115,48.5],[24.126,48.491],[24.129,48.471],[24.125,48.461],[24.125,48.453],[24.128,48.447],[24.145,48.435],[24.145,48.42],[24.141,48.408],[24.148,48.389],[24.164,48.383],[24.173,48.375],[24.178,48.366],[24.191,48.367],[24.209,48.366],[24.242,48.359],[24.25,48.353],[24.259,48.35],[24.268,48.357],[24.275,48.366],[24.28,48.374],[24.289,48.38],[24.284,48.394],[24.294,48.398],[24.316,48.393],[24.331,48.389],[24.354,48.38],[24.354,48.37],[24.351,48.359],[24.364,48.349],[24.385,48.345],[24.401,48.335],[24.416,48.332],[24.416,48.327],[24.43,48.314],[24.44,48.307],[24.46,48.297],[24.468,48.29],[24.484,48.283],[24.491,48.272],[24.489,48.262],[24.494,48.242],[24.521,48.236],[24.546,48.216],[24.529,48.211],[24.521,48.201],[24.511,48.186],[24.517,48.172],[24.5,48.16],[24.524,48.144],[24.532,48.133],[24.554,48.118],[24.557,48.106],[24.575,48.102],[24.595,48.09],[24.604,48.077],[24.619,48.065],[24.611,48.037],[24.594,48.034],[24.58,48.022],[24.571,48.005],[24.566,47.997],[24.563,47.977],[24.563,47.968],[24.58,47.967],[24.584,47.961],[24.599,47.948],[24.611,47.952],[24.627,47.94],[24.651,47.919],[24.658,47.909],[24.666,47.878],[24.686,47.857],[24.705,47.839],[24.735,47.843],[24.757,47.836],[24.776,47.838],[24.79,47.825],[24.808,47.823],[24.828,47.818],[24.822,47.806],[24.855,47.771],[24.878,47.753],[24.88,47.746],[24.886,47.734],[24.922,47.726],[24.923,47.741],[24.935,47.759],[24.939,47.774],[24.95,47.799],[24.957,47.805],[24.974,47.821],[24.981,47.826],[24.983,47.833],[24.996,47.856],[24.981,47.86],[24.985,47.868],[24.972,47.876],[24.967,47.878],[24.963,47.876],[24.957,47.886],[24.949,47.89],[24.945,47.896],[24.949,47.903],[24.961,47.904],[24.96,47.908],[24.957,47.912],[24.952,47.922],[24.947,47.922],[24.939,47.931],[24.932,47.937],[24.919,47.946],[24.921,47.953],[24.929,47.954],[24.916,47.964],[24.924,47.965],[24.915,47.969],[24.914,47.978],[24.911,47.994],[24.914,48.0],[24.921,48.01],[24.913,48.013],[24.922,48.031],[24.937,48.041],[24.942,48.046],[24.958,48.06],[24.977,48.071],[24.987,48.078],[24.996,48.092],[24.986,48.1],[24.98,48.109],[24.992,48.12],[25.004,48.12],[25.023,48.111],[25.035,48.111],[25.036,48.123],[25.047,48.13],[25.067,48.133],[25.066,48.151],[25.077,48.16],[25.093,48.162],[25.084,48.173],[25.1,48.186],[25.123,48.179],[25.138,48.182],[25.126,48.204],[25.115,48.212],[25.119,48.218],[25.107,48.223],[25.112,48.227],[25.126,48.232],[25.151,48.248],[25.175,48.245],[25.196,48.262],[25.211,48.275],[25.221,48.287],[25.233,48.3],[25.258,48.316],[25.266,48.328],[25.274,48.329],[25.27,48.333],[25.283,48.344],[25.3,48.356],[25.308,48.363],[25.318,48.37],[25.327,48.372],[25.338,48.374],[25.363,48.386],[25.38,48.39],[25.399,48.394],[25.411,48.395],[25.421,48.395],[25.441,48.402],[25.458,48.401],[25.468,48.399],[25.476,48.399],[25.49,48.399],[25.509,48.399],[25.534,48.392],[25.547,48.385],[25.561,48.383],[25.578,48.38],[25.607,48.381],[25.62,48.388],[25.62,48.398],[25.62,48.409],[25.604,48.41],[25.605,48.418],[25.602,48.446],[25.607,48.463],[25.598,48.473],[25.598,48.501],[25.608,48.536],[25.602,48.538],[25.603,48.552],[25.599,48.565],[25.597,48.575],[25.589,48.622],[25.607,48.653],[25.622,48.667],[25.621,48.678],[25.626,48.685],[25.651,48.699],[25.65,48.709],[25.614,48.717],[25.615,48.73],[25.641,48.744],[25.619,48.759],[25.565,48.793],[25.542,48.803],[25.504,48.807],[25.455,48.831],[25.45,48.839],[25.469,48.857],[25.452,48.867],[25.428,48.869],[25.439,48.848],[25.427,48.843],[25.367,48.859],[25.345,48.858],[25.337,48.855],[25.34,48.838],[25.337,48.837],[25.324,48.845],[25.3,48.844],[25.289,48.848],[25.284,48.862],[25.26,48.867],[25.237,48.866],[25.218,48.845],[25.209,48.849],[25.229,48.882],[25.23,48.909],[25.237,48.929],[25.23,48.932],[25.21,48.922],[25.191,48.927],[25.198,48.915],[25.171,48.898],[25.167,48.891],[25.174,48.882],[25.162,48.865],[25.143,48.868],[25.138,48.879],[25.119,48.918],[25.121,48.928],[25.147,48.944],[25.136,48.954],[25.11,48.964],[25.107,48.979],[25.119,48.995],[25.088,48.993],[25.078,48.984],[25.054,48.992],[25.043,48.997],[24.996,49.002],[24.965,48.997],[24.97,49.011],[24.959,49.02],[24.931,49.037],[24.916,49.045],[24.905,49.05],[24.909,49.079],[24.916,49.083],[24.922,49.083],[24.931,49.08],[24.94,49.081],[24.945,49.08],[24.957,49.075],[24.966,49.072],[24.992,49.077],[24.991,49.086],[24.979,49.093],[24.977,49.1],[24.981,49.107],[24.984,49.112],[24.985,49.117],[24.956,49.128],[24.9,49.129],[24.884,49.144],[24.862,49.16],[24.856,49.164],[24.887,49.198],[24.914,49.222],[24.933,49.236],[24.919,49.239],[24.87,49.258],[24.843,49.263],[24.841,49.283],[24.832,49.305],[24.829,49.321],[24.842,49.341],[24.847,49.344],[24.857,49.345],[24.85,49.353],[24.843,49.357],[24.833,49.363],[24.82,49.386],[24.811,49.389],[24.785,49.38],[24.776,49.378],[24.776,49.384],[24.773,49.394],[24.767,49.424],[24.771,49.431],[24.766,49.438],[24.751,49.451],[24.744,49.466],[24.724,49.482],[24.729,49.49],[24.704,49.495],[24.702,49.493],[24.685,49.498],[24.656,49.505],[24.647,49.497],[24.631,49.501],[24.619,49.511],[24.61,49.51],[24.59,49.519],[24.575,49.532],[24.542,49.525],[24.537,49.519],[24.505,49.513],[24.492,49.523],[24.49,49.533],[24.496,49.537],[24.493,49.541],[24.489,49.543],[24.488,49.548],[24.482,49.547],[24.452,49.54],[24.435,49.537],[24.437,49.515],[24.413,49.504],[24.404,49.498],[24.413,49.475],[24.41,49.445],[24.366,49.433],[24.36,49.431],[24.376,49.413],[24.387,49.395],[24.42,49.385],[24.425,49.381],[24.43,49.377],[24.425,49.372],[24.415,49.368],[24.405,49.367],[24.394,49.342],[24.402,49.34],[24.394,49.333],[24.359,49.322],[24.343,49.312],[24.302,49.316],[24.299,49.288],[24.311,49.278],[24.331,49.288],[24.358,49.286],[24.364,49.281],[24.358,49.262],[24.352,49.253],[24.347,49.243],[24.358,49.233],[24.407,49.228],[24.439,49.23],[24.434,49.219],[24.435,49.206],[24.432,49.191],[24.434,49.178],[24.435,49.174],[24.39,49.182],[24.357,49.186],[24.349,49.18],[24.308,49.171],[24.282,49.168],[24.243,49.15],[24.234,49.144],[24.211,49.148],[24.208,49.146],[24.213,49.133],[24.19,49.14],[24.172,49.144],[24.165,49.128],[24.149,49.13],[24.139,49.143],[24.117,49.142],[24.101,49.145],[24.07,49.146],[24.036,49.125],[24.018,49.117],[24.014,49.125],[23.969,49.138],[23.956,49.13],[23.928,49.117],[23.904,49.098],[23.879,49.104],[23.88,49.108],[23.826,49.113],[23.81,49.11],[23.798,49.107],[23.785,49.12],[23.776,49.117],[23.752,49.124],[23.738,49.11],[23.72,49.094],[23.705,49.098],[23.692,49.095],[23.684,49.083],[23.686,49.067],[23.676,49.05],[23.673,49.037],[23.656,49.027],[23.644,49.024],[23.631,49.027],[23.62,49.022],[23.612,49.005],[23.587,48.988],[23.566,48.975],[23.578,48.965],[23.586,48.955],[23.576,48.934],[23.561,48.911],[23.568,48.902],[23.577,48.887],[23.588,48.885],[23.602,48.885],[23.608,48.876],[23.594,48.871],[23.576,48.867],[23.572,48.862],[23.567,48.854],[23.569,48.842],[23.564,48.829],[23.556,48.819],[23.564,48.808],[23.569,48.797],[23.579,48.786],[23.578,48.779],[23.564,48.765],[23.552,48.742],[23.55,48.739],[23.548,48.726]]]]}},{"type":"Feature","properties":{"code":"Zakarpattia Oblast","name_uk":"Закарпатська область","alert_key":"Закарпатська область"},"geometry":{"type":"MultiPolygon","coordinates":[[[[22.889,49.007],[22.868,49.003],[22.844,49.005],[22.834,49.026],[22.813,49.025],[22.8,49.037],[22.765,49.054],[22.76,49.047],[22.752,49.043],[22.744,49.045],[22.727,49.048],[22.718,49.053],[22.686,49.04],[22.671,49.043],[22.66,49.047],[22.646,49.058],[22.631,49.076],[22.626,49.08],[22.613,49.084],[22.6,49.093],[22.57,49.091],[22.566,49.084],[22.553,49.079],[22.548,49.025],[22.545,49.007],[22.521,48.997],[22.505,49.0],[22.495,48.998],[22.48,48.993],[22.476,48.976],[22.425,48.929],[22.431,48.922],[22.425,48.913],[22.421,48.903],[22.421,48.885],[22.394,48.873],[22.384,48.865],[22.38,48.839],[22.376,48.834],[22.385,48.807],[22.379,48.795],[22.364,48.78],[22.35,48.772],[22.346,48.757],[22.35,48.749],[22.362,48.74],[22.362,48.73],[22.357,48.726],[22.354,48.718],[22.346,48.699],[22.322,48.682],[22.301,48.673],[22.289,48.666],[22.269,48.655],[22.265,48.653],[22.25,48.647],[22.241,48.628],[22.216,48.621],[22.203,48.611],[22.189,48.61],[22.186,48.603],[22.171,48.588],[22.158,48.527],[22.153,48.513],[22.138,48.433],[22.137,48.419],[22.143,48.411],[22.144,48.404],[22.156,48.408],[22.169,48.413],[22.202,48.424],[22.215,48.424],[22.237,48.41],[22.265,48.41],[22.257,48.394],[22.243,48.39],[22.254,48.379],[22.294,48.357],[22.318,48.355],[22.317,48.345],[22.315,48.328],[22.313,48.325],[22.318,48.318],[22.329,48.313],[22.337,48.308],[22.337,48.29],[22.338,48.279],[22.371,48.246],[22.385,48.234],[22.395,48.241],[22.401,48.249],[22.42,48.249],[22.43,48.251],[22.436,48.25],[22.447,48.244],[22.456,48.242],[22.466,48.245],[22.47,48.25],[22.49,48.253],[22.499,48.247],[22.497,48.24],[22.516,48.234],[22.514,48.226],[22.531,48.209],[22.544,48.208],[22.571,48.196],[22.568,48.184],[22.562,48.182],[22.565,48.177],[22.579,48.158],[22.586,48.154],[22.592,48.152],[22.589,48.142],[22.596,48.135],[22.593,48.123],[22.593,48.113],[22.595,48.108],[22.609,48.103],[22.62,48.104],[22.635,48.096],[22.665,48.093],[22.687,48.1],[22.707,48.11],[22.721,48.115],[22.735,48.12],[22.752,48.12],[22.762,48.112],[22.776,48.111],[22.771,48.117],[22.772,48.122],[22.792,48.117],[22.803,48.122],[22.802,48.11],[22.805,48.106],[22.811,48.112],[22.824,48.118],[22.828,48.096],[22.834,48.093],[22.839,48.085],[22.836,48.08],[22.844,48.083],[22.851,48.08],[22.858,48.075],[22.86,48.072],[22.859,48.069],[22.86,48.066],[22.861,48.06],[22.861,48.058],[22.874,48.052],[22.874,48.056],[22.882,48.054],[22.873,48.025],[22.866,48.012],[22.851,48.003],[22.836,47.991],[22.842,47.986],[22.84,47.982],[22.853,47.98],[22.856,47.979],[22.859,47.976],[22.862,47.974],[22.868,47.974],[22.873,47.975],[22.871,47.972],[22.868,47.968],[22.873,47.969],[22.878,47.968],[22.88,47.963],[22.887,47.966],[22.894,47.963],[22.893,47.961],[22.897,47.957],[22.898,47.954],[22.901,47.958],[22.908,47.96],[22.911,47.96],[22.914,47.957],[22.917,47.958],[22.919,47.959],[22.92,47.96],[22.925,47.959],[22.937,47.964],[22.942,47.966],[22.943,47.972],[22.935,47.999],[22.923,48.003],[22.922,48.015],[22.944,48.017],[22.961,48.008],[22.978,48.01],[22.987,48.005],[22.992,48.003],[22.996,48.001],[23.011,47.994],[23.015,47.992],[23.018,47.992],[23.03,48.0],[23.066,48.008],[23.084,48.005],[23.097,48.016],[23.089,48.019],[23.108,48.035],[23.101,48.041],[23.112,48.054],[23.112,48.061],[23.122,48.075],[23.123,48.081],[23.127,48.093],[23.138,48.095],[23.146,48.1],[23.166,48.115],[23.172,48.118],[23.179,48.119],[23.187,48.109],[23.19,48.1],[23.196,48.098],[23.209,48.096],[23.242,48.094],[23.252,48.101],[23.269,48.086],[23.281,48.082],[23.285,48.07],[23.288,48.05],[23.295,48.044],[23.311,48.044],[23.326,48.037],[23.337,48.037],[23.333,48.034],[23.333,48.021],[23.347,48.021],[23.377,48.003],[23.395,48.002],[23.405,47.993],[23.434,47.99],[23.482,47.974],[23.501,47.969],[23.503,47.977],[23.53,48.022],[23.555,48.009],[23.576,48.005],[23.594,48.008],[23.614,48.009],[23.623,48.004],[23.639,48.002],[23.646,47.992],[23.665,47.983],[23.687,47.987],[23.713,47.991],[23.731,47.992],[23.758,47.992],[23.773,47.995],[23.792,47.986],[23.819,47.983],[23.831,47.969],[23.834,47.963],[23.84,47.95],[23.852,47.939],[23.864,47.932],[23.883,47.944],[23.903,47.946],[23.931,47.949],[23.946,47.952],[23.967,47.962],[23.977,47.968],[23.979,47.962],[23.997,47.962],[24.025,47.957],[24.05,47.953],[24.07,47.948],[24.101,47.928],[24.13,47.916],[24.143,47.912],[24.161,47.915],[24.181,47.915],[24.217,47.903],[24.228,47.897],[24.255,47.906],[24.279,47.906],[24.298,47.911],[24.308,47.918],[24.319,47.923],[24.334,47.918],[24.345,47.914],[24.382,47.927],[24.383,47.94],[24.391,47.947],[24.411,47.96],[24.428,47.968],[24.448,47.964],[24.472,47.963],[24.508,47.952],[24.527,47.962],[24.537,47.962],[24.563,47.968],[24.563,47.977],[24.566,47.997],[24.571,48.005],[24.58,48.022],[24.594,48.034],[24.611,48.037],[24.619,48.065],[24.604,48.077],[24.595,48.09],[24.575,48.102],[24.557,48.106],[24.554,48.118],[24.532,48.133],[24.524,48.144],[24.5,48.16],[24.517,48.172],[24.511,48.186],[24.521,48.201],[24.529,48.211],[24.546,48.216],[24.521,48.236],[24.494,48.242],[24.489,48.262],[24.491,48.272],[24.484,48.283],[24.468,48.29],[24.46,48.297],[24.44,48.307],[24.43,48.314],[24.416,48.327],[24.416,48.332],[24.401,48.335],[24.385,48.345],[24.364,48.349],[24.351,48.359],[24.354,48.37],[24.354,48.38],[24.331,48.389],[24.316,48.393],[24.294,48.398],[24.284,48.394],[24.289,48.38],[24.28,48.374],[24.275,48.366],[24.268,48.357],[24.259,48.35],[24.25,48.353],[24.242,48.359],[24.209,48.366],[24.191,48.367],[24.178,48.366],[24.173,48.375],[24.164,48.383],[24.148,48.389],[24.141,48.408],[24.145,48.42],[24.145,48.435],[24.128,48.447],[24.125,48.453],[24.125,48.461],[24.129,48.471],[24.126,48.491],[24.115,48.5],[24.124,48.514],[24.133,48.524],[24.123,48.534],[24.109,48.533],[24.088,48.527],[24.081,48.517],[24.068,48.518],[24.046,48.512],[24.032,48.501],[24.017,48.505],[24.004,48.507],[23.994,48.501],[23.984,48.486],[23.974,48.478],[23.98,48.466],[23.962,48.458],[23.945,48.463],[23.924,48.467],[23.907,48.483],[23.913,48.489],[23.919,48.503],[23.925,48.513],[23.922,48.523],[23.92,48.53],[23.918,48.536],[23.927,48.548],[23.912,48.556],[23.892,48.554],[23.881,48.553],[23.863,48.553],[23.833,48.568],[23.822,48.579],[23.803,48.585],[23.791,48.594],[23.788,48.605],[23.796,48.62],[23.798,48.631],[23.783,48.641],[23.774,48.641],[23.755,48.645],[23.734,48.639],[23.699,48.643],[23.681,48.657],[23.676,48.665],[23.662,48.673],[23.654,48.677],[23.64,48.689],[23.639,48.698],[23.625,48.707],[23.613,48.704],[23.598,48.705],[23.594,48.713],[23.59,48.719],[23.572,48.725],[23.548,48.726],[23.534,48.725],[23.512,48.735],[23.492,48.722],[23.472,48.718],[23.467,48.724],[23.431,48.726],[23.397,48.733],[23.38,48.742],[23.374,48.759],[23.362,48.771],[23.354,48.764],[23.34,48.757],[23.317,48.753],[23.296,48.768],[23.281,48.775],[23.272,48.766],[23.259,48.761],[23.248,48.76],[23.225,48.763],[23.202,48.76],[23.193,48.777],[23.179,48.792],[23.17,48.809],[23.15,48.833],[23.13,48.839],[23.131,48.852],[23.115,48.857],[23.099,48.863],[23.084,48.854],[23.058,48.846],[23.044,48.851],[23.021,48.847],[23.01,48.837],[22.981,48.839],[22.972,48.851],[22.969,48.865],[22.971,48.874],[22.958,48.878],[22.919,48.895],[22.89,48.911],[22.878,48.932],[22.872,48.945],[22.873,48.957],[22.899,48.969],[22.906,48.966],[22.919,48.97],[22.919,48.982],[22.914,48.989],[22.893,49.005],[22.889,49.007]]]]}},{"type":"Feature","properties":{"code":"Ternopil Oblast","name_uk":"Тернопільська область","alert_key":"Тернопільська область"},"geometry":{"type":"MultiPolygon","coordinates":[[[[25.347,50.004],[25.374,49.992],[25.412,49.97],[25.404,49.948],[25.427,49.943],[25.421,49.938],[25.401,49.937],[25.389,49.934],[25.387,49.927],[25.389,49.897],[25.381,49.877],[25.375,49.868],[25.363,49.865],[25.338,49.864],[25.335,49.858],[25.311,49.851],[25.305,49.852],[25.297,49.85],[25.293,49.843],[25.294,49.84],[25.286,49.828],[25.269,49.833],[25.263,49.834],[25.259,49.839],[25.246,49.835],[25.237,49.824],[25.21,49.83],[25.183,49.837],[25.172,49.832],[25.152,49.833],[25.145,49.828],[25.137,49.815],[25.124,49.819],[25.097,49.822],[25.084,49.828],[25.084,49.8],[25.09,49.782],[25.076,49.779],[25.072,49.77],[25.09,49.76],[25.115,49.746],[25.097,49.729],[25.072,49.716],[25.067,49.712],[25.046,49.731],[25.027,49.736],[24.997,49.697],[24.994,49.669],[24.998,49.66],[24.986,49.646],[24.983,49.637],[24.957,49.634],[24.963,49.626],[24.957,49.62],[24.954,49.616],[24.944,49.619],[24.94,49.616],[24.938,49.615],[24.939,49.611],[24.927,49.61],[24.923,49.613],[24.912,49.614],[24.908,49.614],[24.898,49.61],[24.901,49.606],[24.908,49.6],[24.886,49.602],[24.871,49.61],[24.867,49.604],[24.865,49.603],[24.865,49.6],[24.846,49.601],[24.834,49.599],[24.832,49.585],[24.814,49.587],[24.796,49.583],[24.766,49.572],[24.759,49.572],[24.729,49.547],[24.724,49.535],[24.72,49.514],[24.721,49.497],[24.729,49.485],[24.73,49.48],[24.745,49.46],[24.751,49.45],[24.765,49.437],[24.771,49.428],[24.774,49.413],[24.778,49.386],[24.778,49.383],[24.779,49.377],[24.798,49.382],[24.816,49.388],[24.828,49.386],[24.839,49.358],[24.843,49.354],[24.859,49.347],[24.851,49.346],[24.845,49.344],[24.836,49.341],[24.829,49.312],[24.828,49.285],[24.844,49.27],[24.862,49.257],[24.906,49.241],[24.926,49.238],[24.934,49.23],[24.899,49.215],[24.857,49.178],[24.86,49.162],[24.867,49.162],[24.893,49.139],[24.951,49.125],[24.972,49.12],[24.982,49.115],[24.981,49.11],[24.978,49.106],[24.972,49.097],[24.981,49.089],[24.988,49.077],[24.991,49.071],[24.962,49.076],[24.952,49.078],[24.944,49.078],[24.933,49.081],[24.927,49.082],[24.921,49.081],[24.911,49.078],[24.903,49.055],[24.912,49.051],[24.924,49.039],[24.939,49.031],[24.962,49.015],[24.972,49.003],[24.966,48.993],[25.017,49.011],[25.048,48.997],[25.076,48.987],[25.087,48.984],[25.111,48.997],[25.107,48.982],[25.112,48.966],[25.133,48.954],[25.138,48.95],[25.14,48.935],[25.118,48.924],[25.136,48.89],[25.136,48.872],[25.15,48.868],[25.171,48.87],[25.172,48.887],[25.168,48.894],[25.192,48.909],[25.191,48.922],[25.194,48.927],[25.225,48.931],[25.234,48.932],[25.238,48.922],[25.231,48.897],[25.211,48.854],[25.211,48.846],[25.228,48.848],[25.243,48.867],[25.271,48.866],[25.288,48.854],[25.292,48.845],[25.32,48.847],[25.325,48.838],[25.336,48.839],[25.336,48.845],[25.341,48.854],[25.354,48.86],[25.403,48.848],[25.435,48.844],[25.428,48.864],[25.438,48.872],[25.465,48.861],[25.466,48.852],[25.45,48.836],[25.483,48.822],[25.527,48.803],[25.552,48.8],[25.599,48.766],[25.641,48.748],[25.637,48.739],[25.61,48.725],[25.645,48.712],[25.653,48.705],[25.646,48.694],[25.622,48.681],[25.628,48.673],[25.681,48.665],[25.721,48.655],[25.735,48.633],[25.745,48.636],[25.75,48.654],[25.767,48.67],[25.799,48.671],[25.84,48.631],[25.856,48.613],[25.849,48.597],[25.875,48.6],[25.909,48.587],[25.934,48.591],[25.953,48.607],[25.975,48.621],[26.012,48.61],[26.029,48.62],[26.034,48.645],[26.052,48.648],[26.062,48.637],[26.066,48.607],[26.057,48.599],[26.045,48.589],[26.057,48.571],[26.085,48.551],[26.094,48.538],[26.119,48.546],[26.128,48.556],[26.106,48.58],[26.096,48.6],[26.1,48.614],[26.118,48.62],[26.145,48.598],[26.147,48.545],[26.169,48.528],[26.2,48.526],[26.276,48.538],[26.294,48.514],[26.308,48.509],[26.325,48.517],[26.355,48.507],[26.385,48.531],[26.405,48.537],[26.443,48.539],[26.432,48.548],[26.42,48.541],[26.391,48.56],[26.379,48.565],[26.379,48.556],[26.369,48.542],[26.358,48.546],[26.364,48.559],[26.353,48.56],[26.338,48.566],[26.341,48.574],[26.359,48.581],[26.36,48.588],[26.351,48.586],[26.342,48.586],[26.344,48.593],[26.338,48.596],[26.324,48.6],[26.317,48.615],[26.303,48.619],[26.293,48.626],[26.305,48.625],[26.321,48.627],[26.321,48.636],[26.297,48.635],[26.288,48.64],[26.31,48.654],[26.301,48.658],[26.296,48.652],[26.284,48.649],[26.278,48.649],[26.267,48.651],[26.278,48.66],[26.28,48.667],[26.269,48.672],[26.248,48.668],[26.242,48.676],[26.246,48.682],[26.234,48.681],[26.221,48.686],[26.222,48.693],[26.238,48.697],[26.233,48.701],[26.234,48.704],[26.232,48.714],[26.236,48.73],[26.242,48.74],[26.232,48.745],[26.223,48.752],[26.234,48.75],[26.246,48.756],[26.23,48.762],[26.238,48.769],[26.232,48.78],[26.215,48.78],[26.207,48.797],[26.216,48.802],[26.218,48.793],[26.236,48.795],[26.23,48.804],[26.225,48.808],[26.228,48.814],[26.24,48.812],[26.249,48.808],[26.259,48.815],[26.251,48.823],[26.234,48.819],[26.221,48.832],[26.222,48.843],[26.218,48.852],[26.203,48.855],[26.2,48.861],[26.212,48.869],[26.21,48.879],[26.214,48.882],[26.204,48.896],[26.216,48.9],[26.224,48.903],[26.22,48.913],[26.203,48.906],[26.186,48.91],[26.184,48.916],[26.199,48.918],[26.194,48.927],[26.207,48.947],[26.207,48.949],[26.205,48.959],[26.177,48.969],[26.18,48.976],[26.182,48.978],[26.196,48.974],[26.207,48.978],[26.207,48.988],[26.176,48.995],[26.193,49.004],[26.194,49.001],[26.212,49.0],[26.216,49.006],[26.205,49.017],[26.199,49.029],[26.208,49.036],[26.191,49.044],[26.183,49.056],[26.197,49.065],[26.216,49.072],[26.195,49.073],[26.197,49.082],[26.2,49.091],[26.203,49.096],[26.203,49.114],[26.2,49.115],[26.196,49.129],[26.206,49.133],[26.195,49.136],[26.192,49.152],[26.194,49.162],[26.2,49.167],[26.19,49.172],[26.195,49.178],[26.183,49.196],[26.196,49.212],[26.202,49.22],[26.199,49.227],[26.201,49.237],[26.203,49.245],[26.222,49.246],[26.243,49.243],[26.247,49.249],[26.246,49.257],[26.258,49.264],[26.244,49.272],[26.248,49.279],[26.257,49.277],[26.249,49.286],[26.258,49.288],[26.246,49.3],[26.25,49.312],[26.23,49.323],[26.226,49.344],[26.235,49.35],[26.244,49.347],[26.241,49.355],[26.232,49.358],[26.222,49.376],[26.226,49.38],[26.229,49.386],[26.231,49.396],[26.225,49.403],[26.229,49.408],[26.216,49.421],[26.213,49.419],[26.208,49.421],[26.193,49.43],[26.2,49.439],[26.196,49.445],[26.188,49.481],[26.166,49.492],[26.152,49.504],[26.142,49.509],[26.157,49.52],[26.159,49.532],[26.176,49.549],[26.191,49.557],[26.2,49.551],[26.21,49.547],[26.219,49.554],[26.215,49.567],[26.207,49.577],[26.213,49.583],[26.208,49.594],[26.199,49.609],[26.216,49.619],[26.231,49.636],[26.253,49.633],[26.266,49.642],[26.269,49.655],[26.269,49.661],[26.249,49.682],[26.228,49.698],[26.209,49.708],[26.191,49.714],[26.214,49.735],[26.244,49.745],[26.236,49.771],[26.241,49.776],[26.226,49.78],[26.228,49.787],[26.219,49.798],[26.217,49.811],[26.205,49.821],[26.193,49.828],[26.189,49.832],[26.185,49.846],[26.201,49.866],[26.175,49.876],[26.163,49.888],[26.144,49.896],[26.133,49.898],[26.141,49.914],[26.166,49.922],[26.145,49.96],[26.148,49.968],[26.142,49.972],[26.152,49.976],[26.169,49.987],[26.173,49.994],[26.202,49.992],[26.211,50.016],[26.205,50.018],[26.19,50.02],[26.176,50.025],[26.216,50.036],[26.225,50.046],[26.225,50.054],[26.222,50.06],[26.206,50.065],[26.207,50.076],[26.205,50.09],[26.274,50.103],[26.235,50.131],[26.236,50.145],[26.223,50.143],[26.209,50.155],[26.217,50.158],[26.221,50.165],[26.22,50.18],[26.21,50.185],[26.192,50.191],[26.179,50.197],[26.185,50.217],[26.188,50.23],[26.203,50.231],[26.21,50.248],[26.217,50.256],[26.221,50.267],[26.216,50.264],[26.17,50.245],[26.17,50.24],[26.166,50.231],[26.065,50.257],[26.009,50.229],[26.004,50.238],[25.985,50.243],[25.97,50.246],[25.957,50.257],[25.946,50.256],[25.928,50.256],[25.923,50.248],[25.884,50.222],[25.877,50.215],[25.87,50.21],[25.858,50.191],[25.834,50.185],[25.822,50.181],[25.796,50.185],[25.765,50.181],[25.736,50.185],[25.729,50.187],[25.722,50.176],[25.722,50.174],[25.724,50.173],[25.694,50.178],[25.625,50.152],[25.576,50.176],[25.499,50.157],[25.476,50.166],[25.448,50.124],[25.484,50.114],[25.465,50.098],[25.454,50.094],[25.451,50.081],[25.439,50.072],[25.416,50.05],[25.364,50.046],[25.349,50.018],[25.347,50.004]]]]}},{"type":"Feature","properties":{"code":"Chernivtsi Oblast","name_uk":"Чернівецька область","alert_key":"Чернівецька область"},"geometry":{"type":"MultiPolygon","coordinates":[[[[24.922,47.726],[24.983,47.729],[24.992,47.726],[25.001,47.727],[25.017,47.731],[25.03,47.728],[25.055,47.746],[25.077,47.745],[25.09,47.749],[25.103,47.753],[25.117,47.757],[25.135,47.782],[25.149,47.792],[25.16,47.789],[25.171,47.796],[25.166,47.809],[25.177,47.816],[25.18,47.826],[25.202,47.84],[25.205,47.853],[25.223,47.869],[25.223,47.879],[25.239,47.896],[25.252,47.895],[25.264,47.894],[25.311,47.914],[25.347,47.916],[25.534,47.936],[25.626,47.949],[25.651,47.95],[25.662,47.949],[25.689,47.946],[25.698,47.946],[25.718,47.941],[25.725,47.944],[25.738,47.942],[25.818,47.954],[25.85,47.969],[25.88,47.963],[25.908,47.965],[25.941,47.976],[25.952,47.971],[26.1,47.978],[26.127,47.988],[26.184,47.995],[26.208,48.029],[26.232,48.061],[26.273,48.082],[26.283,48.101],[26.298,48.134],[26.329,48.153],[26.335,48.162],[26.329,48.18],[26.345,48.182],[26.347,48.189],[26.353,48.19],[26.36,48.185],[26.372,48.198],[26.386,48.195],[26.379,48.19],[26.387,48.187],[26.403,48.189],[26.422,48.201],[26.433,48.193],[26.44,48.197],[26.436,48.202],[26.447,48.204],[26.461,48.209],[26.469,48.216],[26.481,48.214],[26.494,48.218],[26.515,48.211],[26.529,48.209],[26.544,48.214],[26.547,48.223],[26.572,48.219],[26.569,48.23],[26.577,48.243],[26.586,48.246],[26.598,48.238],[26.62,48.239],[26.618,48.251],[26.628,48.247],[26.616,48.274],[26.65,48.298],[26.676,48.317],[26.696,48.327],[26.68,48.359],[26.703,48.35],[26.74,48.313],[26.767,48.302],[26.795,48.291],[26.826,48.304],[26.831,48.313],[26.824,48.326],[26.825,48.344],[26.796,48.343],[26.775,48.352],[26.761,48.361],[26.74,48.379],[26.722,48.411],[26.754,48.399],[26.768,48.407],[26.788,48.419],[26.873,48.419],[26.902,48.397],[26.895,48.383],[26.934,48.364],[26.995,48.359],[27.002,48.364],[27.004,48.38],[27.046,48.374],[27.045,48.404],[27.033,48.415],[27.023,48.418],[27.012,48.423],[27.03,48.427],[27.051,48.425],[27.064,48.422],[27.069,48.431],[27.085,48.435],[27.107,48.397],[27.139,48.375],[27.16,48.381],[27.168,48.381],[27.2,48.389],[27.236,48.373],[27.25,48.375],[27.286,48.372],[27.314,48.423],[27.32,48.444],[27.339,48.442],[27.339,48.448],[27.35,48.447],[27.365,48.442],[27.375,48.433],[27.377,48.417],[27.385,48.409],[27.425,48.411],[27.462,48.434],[27.474,48.452],[27.504,48.455],[27.527,48.462],[27.533,48.469],[27.498,48.484],[27.483,48.526],[27.465,48.578],[27.42,48.615],[27.373,48.631],[27.355,48.632],[27.348,48.61],[27.333,48.601],[27.313,48.6],[27.293,48.618],[27.261,48.628],[27.24,48.618],[27.235,48.606],[27.265,48.586],[27.258,48.569],[27.237,48.565],[27.223,48.565],[27.185,48.584],[27.161,48.585],[27.145,48.579],[27.109,48.556],[27.085,48.558],[27.029,48.565],[26.996,48.58],[26.988,48.59],[26.973,48.58],[26.936,48.576],[26.915,48.567],[26.883,48.542],[26.859,48.548],[26.84,48.56],[26.822,48.589],[26.824,48.606],[26.803,48.61],[26.785,48.601],[26.779,48.588],[26.795,48.566],[26.785,48.55],[26.769,48.547],[26.757,48.555],[26.746,48.582],[26.729,48.587],[26.721,48.585],[26.724,48.574],[26.743,48.555],[26.74,48.54],[26.718,48.532],[26.675,48.555],[26.651,48.561],[26.623,48.555],[26.618,48.543],[26.627,48.536],[26.661,48.541],[26.679,48.536],[26.685,48.522],[26.712,48.503],[26.708,48.49],[26.673,48.487],[26.63,48.508],[26.61,48.506],[26.622,48.475],[26.619,48.455],[26.596,48.451],[26.562,48.458],[26.537,48.486],[26.494,48.54],[26.48,48.547],[26.443,48.539],[26.405,48.537],[26.385,48.531],[26.355,48.507],[26.325,48.517],[26.308,48.509],[26.294,48.514],[26.276,48.538],[26.2,48.526],[26.169,48.528],[26.147,48.545],[26.145,48.598],[26.118,48.62],[26.1,48.614],[26.096,48.6],[26.106,48.58],[26.128,48.556],[26.119,48.546],[26.094,48.538],[26.085,48.551],[26.057,48.571],[26.045,48.589],[26.057,48.599],[26.066,48.607],[26.062,48.637],[26.052,48.648],[26.034,48.645],[26.029,48.62],[26.012,48.61],[25.975,48.621],[25.953,48.607],[25.934,48.591],[25.909,48.587],[25.875,48.6],[25.849,48.597],[25.856,48.613],[25.84,48.631],[25.799,48.671],[25.767,48.67],[25.75,48.654],[25.745,48.636],[25.735,48.633],[25.721,48.655],[25.681,48.665],[25.628,48.673],[25.622,48.66],[25.585,48.633],[25.587,48.589],[25.603,48.57],[25.598,48.558],[25.599,48.541],[25.607,48.538],[25.607,48.521],[25.601,48.49],[25.6,48.467],[25.607,48.452],[25.61,48.429],[25.6,48.414],[25.614,48.413],[25.618,48.404],[25.616,48.393],[25.621,48.38],[25.6,48.377],[25.57,48.379],[25.548,48.382],[25.537,48.387],[25.521,48.399],[25.505,48.4],[25.482,48.401],[25.472,48.401],[25.466,48.4],[25.452,48.403],[25.429,48.395],[25.416,48.392],[25.405,48.394],[25.389,48.388],[25.372,48.386],[25.356,48.383],[25.33,48.371],[25.325,48.37],[25.312,48.367],[25.308,48.36],[25.294,48.346],[25.279,48.337],[25.276,48.331],[25.272,48.327],[25.261,48.324],[25.246,48.315],[25.231,48.293],[25.218,48.28],[25.204,48.267],[25.194,48.256],[25.162,48.248],[25.127,48.235],[25.122,48.232],[25.106,48.225],[25.115,48.221],[25.119,48.215],[25.115,48.208],[25.14,48.194],[25.128,48.178],[25.114,48.185],[25.089,48.181],[25.093,48.165],[25.088,48.16],[25.066,48.158],[25.072,48.145],[25.063,48.13],[25.039,48.127],[25.04,48.114],[25.03,48.11],[25.011,48.115],[25.0,48.12],[24.981,48.112],[24.987,48.103],[24.989,48.095],[24.995,48.087],[24.975,48.074],[24.969,48.072],[24.94,48.049],[24.938,48.044],[24.92,48.034],[24.912,48.027],[24.918,48.013],[24.913,48.003],[24.908,47.996],[24.91,47.99],[24.917,47.975],[24.919,47.966],[24.923,47.963],[24.919,47.956],[24.927,47.953],[24.919,47.949],[24.926,47.938],[24.937,47.935],[24.945,47.93],[24.949,47.921],[24.957,47.92],[24.96,47.911],[24.958,47.907],[24.955,47.902],[24.944,47.898],[24.949,47.894],[24.953,47.889],[24.956,47.879],[24.966,47.876],[24.969,47.876],[24.975,47.871],[24.987,47.865],[24.986,47.86],[24.996,47.854],[24.984,47.829],[24.975,47.826],[24.965,47.815],[24.956,47.8],[24.947,47.795],[24.938,47.765],[24.928,47.752],[24.921,47.732],[24.922,47.726]]]]}},{"type":"Feature","properties":{"code":"Odessa Oblast","name_uk":"Одеська область","alert_key":"Одеська область"},"geometry":{"type":"MultiPolygon","coordinates":[[[[31.159,46.41],[31.178,46.634],[31.188,46.644],[31.179,46.648],[31.184,46.655],[31.197,46.66],[31.179,46.68],[31.173,46.712],[31.154,46.735],[31.175,46.763],[31.153,46.792],[31.157,46.83],[31.155,46.837],[31.111,46.845],[31.093,46.881],[31.04,46.899],[31.03,46.933],[31.017,46.961],[31.04,46.969],[31.087,46.983],[31.135,46.99],[31.142,46.979],[31.244,46.992],[31.232,47.019],[31.229,47.022],[31.268,47.022],[31.289,47.031],[31.294,47.046],[31.293,47.082],[31.292,47.094],[31.249,47.169],[31.201,47.172],[31.162,47.157],[31.129,47.157],[31.106,47.165],[31.116,47.168],[31.118,47.19],[31.157,47.182],[31.178,47.223],[31.176,47.256],[31.078,47.253],[31.078,47.247],[31.008,47.27],[30.997,47.29],[30.893,47.321],[30.868,47.334],[30.889,47.342],[30.901,47.36],[30.885,47.365],[30.873,47.401],[30.887,47.426],[30.848,47.439],[30.865,47.444],[30.86,47.481],[30.883,47.508],[30.88,47.534],[30.834,47.537],[30.803,47.547],[30.786,47.548],[30.771,47.554],[30.761,47.556],[30.756,47.561],[30.745,47.58],[30.775,47.596],[30.776,47.609],[30.782,47.625],[30.782,47.634],[30.789,47.649],[30.72,47.609],[30.67,47.601],[30.659,47.604],[30.66,47.617],[30.664,47.635],[30.618,47.624],[30.572,47.627],[30.558,47.631],[30.464,47.641],[30.41,47.67],[30.396,47.726],[30.397,47.753],[30.424,47.761],[30.439,47.79],[30.428,47.801],[30.335,47.81],[30.318,47.844],[30.308,47.93],[30.246,47.967],[30.25,47.982],[30.257,48.022],[30.233,48.06],[30.207,48.068],[30.22,48.071],[30.233,48.07],[30.239,48.074],[30.25,48.086],[30.283,48.085],[30.29,48.096],[30.325,48.094],[30.315,48.099],[30.326,48.103],[30.329,48.097],[30.357,48.112],[30.316,48.116],[30.307,48.142],[30.286,48.14],[30.243,48.141],[30.198,48.149],[30.186,48.155],[30.172,48.149],[30.16,48.146],[30.144,48.147],[30.11,48.144],[30.077,48.147],[30.062,48.152],[30.046,48.153],[30.034,48.173],[30.023,48.185],[30.009,48.182],[30.001,48.195],[30.01,48.209],[29.992,48.22],[29.981,48.225],[29.93,48.234],[29.892,48.184],[29.873,48.193],[29.86,48.204],[29.812,48.207],[29.784,48.206],[29.781,48.209],[29.775,48.203],[29.764,48.2],[29.716,48.201],[29.682,48.188],[29.655,48.195],[29.674,48.169],[29.67,48.123],[29.664,48.122],[29.658,48.121],[29.668,48.116],[29.656,48.112],[29.64,48.123],[29.599,48.12],[29.588,48.117],[29.585,48.11],[29.581,48.102],[29.569,48.099],[29.556,48.098],[29.532,48.1],[29.495,48.102],[29.478,48.108],[29.467,48.123],[29.395,48.114],[29.388,48.095],[29.369,48.095],[29.352,48.097],[29.335,48.095],[29.306,48.09],[29.268,48.093],[29.267,48.107],[29.26,48.11],[29.253,48.109],[29.241,48.107],[29.232,48.103],[29.221,48.105],[29.219,48.108],[29.204,48.117],[29.206,48.122],[29.221,48.124],[29.226,48.122],[29.242,48.129],[29.249,48.128],[29.262,48.13],[29.256,48.133],[29.252,48.149],[29.24,48.141],[29.225,48.143],[29.209,48.139],[29.194,48.134],[29.17,48.142],[29.142,48.141],[29.158,48.148],[29.145,48.156],[29.12,48.161],[29.084,48.189],[29.078,48.194],[29.062,48.192],[29.057,48.189],[29.059,48.185],[29.06,48.18],[29.045,48.172],[29.043,48.158],[29.043,48.14],[29.037,48.13],[29.025,48.128],[29.01,48.148],[29.005,48.151],[29.0,48.151],[28.984,48.145],[28.969,48.154],[28.933,48.126],[28.924,48.098],[28.874,48.083],[28.869,48.069],[28.854,48.078],[28.84,48.078],[28.837,48.071],[28.85,48.071],[28.852,48.061],[28.856,48.027],[28.864,48.021],[28.89,48.014],[28.901,48.01],[28.89,48.012],[28.887,48.006],[28.878,48.001],[28.962,47.979],[28.994,47.961],[29.002,47.958],[29.025,47.946],[29.037,47.948],[29.074,47.944],[29.085,47.959],[29.079,47.971],[29.087,47.968],[29.095,47.96],[29.097,47.973],[29.088,47.977],[29.084,47.977],[29.092,47.98],[29.102,47.983],[29.109,47.984],[29.13,47.986],[29.125,47.994],[29.18,47.964],[29.201,47.884],[29.216,47.896],[29.222,47.889],[29.216,47.886],[29.281,47.888],[29.274,47.88],[29.267,47.875],[29.236,47.863],[29.227,47.856],[29.21,47.84],[29.198,47.82],[29.233,47.797],[29.276,47.804],[29.215,47.739],[29.223,47.698],[29.231,47.684],[29.22,47.658],[29.209,47.642],[29.223,47.635],[29.214,47.626],[29.218,47.612],[29.204,47.598],[29.192,47.592],[29.189,47.582],[29.185,47.572],[29.167,47.571],[29.152,47.507],[29.19,47.514],[29.186,47.505],[29.183,47.493],[29.192,47.487],[29.188,47.475],[29.162,47.453],[29.189,47.463],[29.182,47.449],[29.183,47.436],[29.191,47.425],[29.244,47.415],[29.254,47.419],[29.273,47.435],[29.289,47.437],[29.304,47.443],[29.317,47.449],[29.362,47.373],[29.391,47.38],[29.384,47.345],[29.424,47.305],[29.446,47.295],[29.486,47.306],[29.486,47.322],[29.491,47.333],[29.487,47.34],[29.486,47.35],[29.494,47.356],[29.518,47.365],[29.599,47.257],[29.58,47.136],[29.495,47.132],[29.516,47.113],[29.53,47.075],[29.548,47.094],[29.613,47.096],[29.602,47.042],[29.557,46.958],[29.64,46.955],[29.701,46.925],[29.71,46.925],[29.718,46.932],[29.731,46.919],[29.849,46.875],[29.884,46.886],[29.884,46.852],[29.928,46.828],[29.952,46.843],[29.969,46.832],[29.979,46.82],[29.963,46.818],[29.943,46.798],[29.964,46.775],[29.966,46.756],[29.975,46.752],[29.966,46.709],[29.959,46.678],[29.955,46.659],[29.946,46.648],[29.954,46.635],[29.96,46.606],[29.954,46.59],[29.946,46.585],[29.935,46.58],[29.949,46.568],[29.942,46.565],[29.949,46.561],[29.876,46.547],[29.885,46.547],[29.894,46.54],[29.895,46.53],[29.914,46.522],[29.905,46.517],[29.911,46.513],[29.924,46.503],[29.944,46.502],[29.935,46.496],[29.944,46.494],[29.956,46.502],[29.961,46.51],[29.965,46.505],[29.961,46.491],[29.971,46.502],[29.984,46.509],[29.992,46.501],[29.988,46.494],[29.999,46.497],[29.99,46.486],[29.994,46.474],[30.017,46.472],[30.023,46.469],[29.997,46.465],[29.994,46.462],[30.018,46.455],[30.027,46.452],[30.022,46.442],[30.045,46.444],[30.064,46.44],[30.057,46.427],[30.079,46.433],[30.088,46.433],[30.098,46.427],[30.09,46.439],[30.101,46.437],[30.112,46.431],[30.135,46.417],[30.13,46.413],[30.14,46.412],[30.148,46.417],[30.156,46.429],[30.161,46.415],[30.147,46.406],[30.097,46.375],[30.07,46.397],[30.022,46.383],[29.988,46.384],[29.887,46.371],[29.805,46.385],[29.798,46.416],[29.787,46.42],[29.776,46.455],[29.749,46.47],[29.727,46.467],[29.731,46.44],[29.686,46.426],[29.681,46.431],[29.66,46.436],[29.678,46.361],[29.6,46.363],[29.566,46.416],[29.498,46.429],[29.485,46.447],[29.449,46.499],[29.399,46.426],[29.376,46.458],[29.351,46.504],[29.338,46.482],[29.337,46.474],[29.311,46.463],[29.319,46.448],[29.324,46.415],[29.297,46.417],[29.268,46.402],[29.268,46.394],[29.208,46.385],[29.247,46.416],[29.235,46.425],[29.232,46.434],[29.229,46.458],[29.255,46.486],[29.241,46.499],[29.162,46.545],[29.063,46.512],[29.039,46.506],[29.033,46.493],[28.981,46.489],[28.987,46.477],[29.023,46.48],[29.002,46.46],[28.937,46.451],[28.967,46.376],[28.991,46.346],[28.998,46.321],[28.997,46.316],[28.953,46.265],[29.068,46.196],[29.006,46.049],[28.776,45.971],[28.757,45.957],[28.762,45.929],[28.755,45.927],[28.697,45.818],[28.624,45.766],[28.586,45.773],[28.591,45.755],[28.595,45.736],[28.564,45.726],[28.534,45.733],[28.52,45.737],[28.511,45.711],[28.484,45.685],[28.486,45.66],[28.544,45.58],[28.516,45.5],[28.421,45.486],[28.305,45.547],[28.215,45.471],[28.222,45.466],[28.268,45.453],[28.287,45.433],[28.285,45.4],[28.331,45.336],[28.349,45.32],[28.496,45.275],[28.532,45.263],[28.579,45.247],[28.669,45.237],[28.714,45.224],[28.75,45.234],[28.788,45.24],[28.792,45.254],[28.78,45.261],[28.764,45.264],[28.752,45.284],[28.759,45.29],[28.783,45.291],[28.803,45.303],[28.8,45.315],[28.781,45.323],[28.796,45.335],[28.816,45.336],[28.835,45.323],[28.854,45.316],[28.874,45.316],[28.932,45.281],[28.947,45.282],[28.955,45.297],[28.949,45.311],[28.966,45.331],[29.009,45.345],[29.042,45.36],[29.073,45.367],[29.105,45.374],[29.14,45.385],[29.179,45.4],[29.203,45.417],[29.224,45.423],[29.251,45.434],[29.273,45.427],[29.304,45.433],[29.327,45.448],[29.348,45.439],[29.382,45.439],[29.415,45.442],[29.44,45.434],[29.474,45.423],[29.545,45.41],[29.592,45.389],[29.651,45.34],[29.67,45.308],[29.679,45.268],[29.66,45.25],[29.669,45.229],[29.689,45.204],[29.691,45.192],[29.972,45.14],[30.022,45.097],[30.093,45.069],[30.166,45.055],[30.241,45.055],[30.313,45.069],[30.378,45.095],[30.431,45.132],[30.468,45.178],[30.488,45.229],[30.488,45.282],[30.468,45.333],[30.431,45.378],[30.378,45.416],[30.313,45.442],[30.241,45.456],[30.166,45.456],[30.093,45.442],[30.075,45.462],[30.066,45.506],[30.125,45.541],[30.176,45.559],[30.237,45.596],[30.302,45.638],[30.345,45.669],[30.406,45.697],[30.459,45.739],[30.518,45.794],[30.562,45.84],[30.604,45.877],[30.648,45.923],[30.702,45.971],[30.736,45.986],[30.78,46.014],[30.828,46.066],[30.88,46.094],[30.919,46.126],[30.953,46.175],[30.968,46.233],[31.009,46.276],[31.034,46.328],[31.047,46.377],[31.114,46.392],[31.159,46.41]]]]}},{"type":"Feature","properties":{"code":"Mykolaiv Oblast","name_uk":"Миколаївська область","alert_key":"Миколаївська область"},"geometry":{"type":"MultiPolygon","coordinates":[[[[33.093,47.579],[32.961,47.59],[32.96,47.597],[32.971,47.605],[32.979,47.606],[32.98,47.604],[32.991,47.607],[32.989,47.616],[33.007,47.616],[33.012,47.626],[32.994,47.624],[32.972,47.723],[33.008,47.732],[33.067,47.762],[33.05,47.782],[33.06,47.801],[33.058,47.815],[33.055,47.832],[33.059,47.85],[33.075,47.86],[33.086,47.886],[33.014,47.91],[32.993,47.935],[33.002,47.966],[32.995,47.976],[33.004,47.989],[32.952,48.035],[32.913,48.038],[32.882,48.028],[32.87,48.032],[32.886,48.02],[32.888,48.009],[32.867,47.984],[32.835,47.983],[32.812,47.976],[32.802,47.981],[32.794,47.992],[32.689,47.983],[32.737,47.952],[32.736,47.944],[32.746,47.933],[32.656,47.905],[32.686,47.873],[32.669,47.853],[32.679,47.852],[32.664,47.84],[32.658,47.82],[32.624,47.813],[32.43,47.79],[32.426,47.794],[32.423,47.801],[32.415,47.797],[32.398,47.796],[32.402,47.798],[32.396,47.801],[32.387,47.799],[32.375,47.794],[32.368,47.793],[32.365,47.789],[32.346,47.799],[32.332,47.805],[32.324,47.814],[32.318,47.817],[32.31,47.818],[32.304,47.824],[32.237,47.815],[32.223,47.792],[32.16,47.751],[32.155,47.761],[32.156,47.759],[32.153,47.756],[32.146,47.751],[32.138,47.75],[32.134,47.756],[32.117,47.756],[32.09,47.782],[32.079,47.796],[32.06,47.804],[32.016,47.813],[32.013,47.816],[31.963,47.799],[31.827,47.817],[31.868,47.828],[31.857,47.839],[31.859,47.85],[31.857,47.865],[31.885,47.879],[31.876,47.912],[31.877,47.919],[31.844,47.964],[31.801,47.961],[31.785,47.955],[31.781,47.96],[31.779,47.956],[31.77,47.951],[31.766,47.945],[31.753,47.944],[31.783,48.042],[31.695,48.093],[31.685,48.115],[31.684,48.12],[31.64,48.125],[31.634,48.135],[31.585,48.121],[31.581,48.117],[31.584,48.106],[31.571,48.097],[31.559,48.11],[31.551,48.07],[31.509,48.069],[31.507,48.056],[31.493,48.05],[31.47,48.063],[31.476,48.083],[31.487,48.13],[31.421,48.112],[31.393,48.111],[31.382,48.132],[31.369,48.12],[31.338,48.115],[31.325,48.138],[31.22,48.171],[31.185,48.179],[31.179,48.182],[31.188,48.188],[31.186,48.197],[31.174,48.209],[31.168,48.215],[31.164,48.22],[31.155,48.223],[31.137,48.229],[31.053,48.232],[30.989,48.194],[30.989,48.184],[30.973,48.185],[30.955,48.181],[30.932,48.184],[30.931,48.166],[30.921,48.17],[30.907,48.164],[30.903,48.162],[30.894,48.165],[30.873,48.161],[30.855,48.161],[30.828,48.182],[30.819,48.188],[30.813,48.177],[30.792,48.168],[30.719,48.187],[30.684,48.188],[30.648,48.18],[30.637,48.167],[30.621,48.158],[30.584,48.157],[30.556,48.156],[30.527,48.18],[30.5,48.165],[30.496,48.17],[30.475,48.167],[30.451,48.17],[30.436,48.173],[30.428,48.166],[30.39,48.166],[30.367,48.175],[30.35,48.168],[30.327,48.16],[30.321,48.143],[30.307,48.142],[30.316,48.116],[30.357,48.112],[30.329,48.097],[30.326,48.103],[30.315,48.099],[30.325,48.094],[30.29,48.096],[30.283,48.085],[30.25,48.086],[30.239,48.074],[30.233,48.07],[30.22,48.071],[30.207,48.068],[30.233,48.06],[30.257,48.022],[30.25,47.982],[30.246,47.967],[30.308,47.93],[30.318,47.844],[30.335,47.81],[30.428,47.801],[30.439,47.79],[30.424,47.761],[30.397,47.753],[30.396,47.726],[30.41,47.67],[30.464,47.641],[30.558,47.631],[30.572,47.627],[30.618,47.624],[30.664,47.635],[30.66,47.617],[30.659,47.604],[30.67,47.601],[30.72,47.609],[30.789,47.649],[30.782,47.634],[30.782,47.625],[30.776,47.609],[30.775,47.596],[30.745,47.58],[30.756,47.561],[30.761,47.556],[30.771,47.554],[30.786,47.548],[30.803,47.547],[30.834,47.537],[30.88,47.534],[30.883,47.508],[30.86,47.481],[30.865,47.444],[30.848,47.439],[30.887,47.426],[30.873,47.401],[30.885,47.365],[30.901,47.36],[30.889,47.342],[30.868,47.334],[30.893,47.321],[30.997,47.29],[31.008,47.27],[31.078,47.247],[31.078,47.253],[31.176,47.256],[31.178,47.223],[31.157,47.182],[31.118,47.19],[31.116,47.168],[31.106,47.165],[31.129,47.157],[31.162,47.157],[31.201,47.172],[31.249,47.169],[31.292,47.094],[31.293,47.082],[31.294,47.046],[31.289,47.031],[31.268,47.022],[31.229,47.022],[31.232,47.019],[31.244,46.992],[31.142,46.979],[31.135,46.99],[31.087,46.983],[31.04,46.969],[31.017,46.961],[31.03,46.933],[31.04,46.899],[31.093,46.881],[31.111,46.845],[31.155,46.837],[31.157,46.83],[31.153,46.792],[31.175,46.763],[31.154,46.735],[31.173,46.712],[31.179,46.68],[31.197,46.66],[31.184,46.655],[31.179,46.648],[31.188,46.644],[31.178,46.634],[31.159,46.41],[31.831,46.353],[31.814,46.493],[31.833,46.5],[31.94,46.651],[31.987,46.664],[32.021,46.678],[32.072,46.682],[32.076,46.73],[32.057,46.745],[32.112,46.745],[32.169,46.764],[32.21,46.806],[32.252,46.82],[32.228,46.845],[32.342,46.795],[32.365,46.829],[32.463,46.84],[32.532,46.824],[32.542,46.85],[32.544,46.883],[32.57,46.873],[32.578,46.863],[32.584,46.86],[32.611,46.859],[32.615,46.854],[32.688,46.862],[32.701,46.821],[32.748,46.826],[32.767,46.821],[32.779,46.825],[32.815,46.835],[32.872,46.847],[32.946,46.869],[32.915,46.883],[32.841,46.882],[32.842,46.892],[32.839,46.896],[32.925,46.91],[32.922,46.927],[32.976,46.949],[32.942,46.974],[32.95,47.003],[33.069,47.022],[32.924,47.086],[32.91,47.094],[32.915,47.105],[32.907,47.121],[32.919,47.133],[32.92,47.146],[32.947,47.162],[32.961,47.19],[32.989,47.194],[32.989,47.19],[33.002,47.189],[33.001,47.193],[33.005,47.196],[33.013,47.188],[33.014,47.18],[33.037,47.178],[33.036,47.182],[33.055,47.192],[33.066,47.219],[33.074,47.218],[33.08,47.22],[33.097,47.224],[33.104,47.213],[33.118,47.204],[33.139,47.206],[33.134,47.213],[33.127,47.224],[33.134,47.233],[33.153,47.235],[33.164,47.235],[33.163,47.232],[33.172,47.234],[33.183,47.239],[33.14,47.272],[33.119,47.282],[33.102,47.291],[33.11,47.297],[33.103,47.322],[33.133,47.332],[33.132,47.346],[33.039,47.38],[33.029,47.423],[33.034,47.442],[33.047,47.468],[33.071,47.475],[33.138,47.42],[33.125,47.476],[33.123,47.508],[33.142,47.543],[33.095,47.528],[33.093,47.579]]]]}},{"type":"Feature","properties":{"code":"Autonomous Republic of Crimea","name_uk":"АР Крим","alert_key":"АР Крим"},"geometry":{"type":"MultiPolygon","coordinates":[[[[32.773,45.827],[32.726,45.797],[32.666,45.763],[32.605,45.727],[32.569,45.706],[32.502,45.676],[32.435,45.652],[32.382,45.633],[32.336,45.607],[32.297,45.575],[32.264,45.528],[32.223,45.479],[32.203,45.425],[32.205,45.369],[32.224,45.303],[32.243,45.263],[32.274,45.227],[32.329,45.187],[32.398,45.159],[32.455,45.147],[32.535,45.127],[32.612,45.113],[32.671,45.113],[32.71,45.117],[32.831,45.151],[32.877,45.099],[32.92,45.07],[32.98,45.032],[33.046,45.001],[33.117,44.976],[33.212,44.947],[33.271,44.941],[33.554,44.84],[33.567,44.839],[33.587,44.808],[33.621,44.807],[33.677,44.786],[33.636,44.753],[33.616,44.712],[33.671,44.71],[33.707,44.711],[33.705,44.705],[33.716,44.716],[33.735,44.708],[33.752,44.699],[33.777,44.69],[33.755,44.675],[33.754,44.666],[33.73,44.647],[33.718,44.638],[33.722,44.632],[33.727,44.609],[33.736,44.601],[33.75,44.608],[33.78,44.613],[33.782,44.597],[33.792,44.585],[33.8,44.581],[33.809,44.577],[33.814,44.577],[33.827,44.571],[33.831,44.555],[33.834,44.542],[33.84,44.53],[33.857,44.526],[33.853,44.515],[33.869,44.507],[33.867,44.503],[33.874,44.493],[33.897,44.479],[33.926,44.421],[33.902,44.419],[33.871,44.419],[33.847,44.417],[33.812,44.404],[33.791,44.404],[33.778,44.394],[33.762,44.39],[33.736,44.186],[33.815,44.187],[33.892,44.188],[33.951,44.185],[33.991,44.187],[34.067,44.204],[34.122,44.213],[34.2,44.222],[34.272,44.246],[34.333,44.283],[34.383,44.313],[34.458,44.355],[34.511,44.377],[34.568,44.417],[34.608,44.466],[34.645,44.521],[34.701,44.563],[34.776,44.593],[34.832,44.602],[34.892,44.605],[34.963,44.599],[35.021,44.587],[35.08,44.584],[35.139,44.589],[35.196,44.603],[35.259,44.631],[35.317,44.659],[35.358,44.689],[35.398,44.737],[35.463,44.752],[35.518,44.768],[35.567,44.792],[35.62,44.834],[35.67,44.827],[35.723,44.807],[35.78,44.796],[35.86,44.793],[35.924,44.803],[36.014,44.807],[36.07,44.821],[36.137,44.826],[36.196,44.819],[36.256,44.822],[36.332,44.838],[36.396,44.851],[36.454,44.859],[36.509,44.876],[36.573,44.909],[36.61,44.941],[36.543,45.134],[36.554,45.222],[36.594,45.253],[36.603,45.309],[36.682,45.457],[36.583,45.635],[36.135,45.648],[36.072,45.626],[35.982,45.617],[35.888,45.643],[35.785,45.643],[35.705,45.622],[35.65,45.593],[35.6,45.544],[35.576,45.49],[35.549,45.514],[35.497,45.546],[35.444,45.596],[35.387,45.656],[35.337,45.683],[35.299,45.745],[35.233,45.792],[34.96,45.757],[34.876,45.79],[34.802,45.901],[34.67,45.968],[34.629,45.986],[34.582,45.996],[34.554,45.99],[34.544,45.976],[34.511,45.948],[34.487,45.942],[34.457,45.952],[34.413,45.99],[34.405,46.009],[34.34,46.058],[34.248,46.053],[34.145,46.087],[34.117,46.107],[34.07,46.117],[33.998,46.126],[33.919,46.158],[33.861,46.195],[33.811,46.204],[33.773,46.198],[33.74,46.185],[33.686,46.206],[33.646,46.23],[33.636,46.146],[33.615,46.135],[33.591,46.061],[33.187,45.927],[32.773,45.827]]]]}},{"type":"Feature","properties":{"code":"Vinnytsia Oblast","name_uk":"Вінницька область","alert_key":"Вінницька область"},"geometry":{"type":"MultiPolygon","coordinates":[[[[27.817,49.735],[27.806,49.71],[27.801,49.701],[27.762,49.697],[27.767,49.667],[27.811,49.615],[27.79,49.605],[27.783,49.597],[27.771,49.589],[27.758,49.576],[27.774,49.567],[27.795,49.553],[27.786,49.543],[27.794,49.536],[27.787,49.528],[27.776,49.52],[27.763,49.53],[27.749,49.53],[27.742,49.522],[27.736,49.511],[27.739,49.498],[27.74,49.492],[27.756,49.492],[27.767,49.489],[27.791,49.488],[27.776,49.475],[27.757,49.463],[27.751,49.439],[27.769,49.44],[27.783,49.438],[27.791,49.434],[27.827,49.421],[27.852,49.427],[27.832,49.406],[27.824,49.391],[27.812,49.388],[27.816,49.379],[27.828,49.375],[27.817,49.367],[27.815,49.356],[27.829,49.351],[27.853,49.334],[27.854,49.322],[27.852,49.312],[27.863,49.293],[27.863,49.278],[27.857,49.278],[27.849,49.265],[27.858,49.256],[27.869,49.25],[27.871,49.242],[27.857,49.237],[27.868,49.214],[27.894,49.209],[27.888,49.185],[27.855,49.169],[27.844,49.178],[27.828,49.18],[27.817,49.189],[27.812,49.188],[27.801,49.179],[27.795,49.177],[27.782,49.19],[27.78,49.178],[27.774,49.169],[27.759,49.163],[27.758,49.153],[27.741,49.142],[27.713,49.148],[27.7,49.139],[27.694,49.144],[27.671,49.151],[27.649,49.164],[27.619,49.162],[27.594,49.155],[27.596,49.134],[27.569,49.121],[27.542,49.135],[27.535,49.141],[27.537,49.127],[27.525,49.122],[27.515,49.127],[27.506,49.132],[27.492,49.122],[27.491,49.094],[27.484,49.084],[27.504,49.069],[27.463,49.071],[27.437,49.07],[27.428,49.064],[27.416,49.055],[27.383,49.008],[27.398,48.998],[27.396,48.99],[27.417,48.971],[27.418,48.954],[27.412,48.956],[27.402,48.952],[27.391,48.939],[27.392,48.931],[27.394,48.926],[27.394,48.9],[27.415,48.882],[27.415,48.851],[27.415,48.846],[27.414,48.837],[27.411,48.814],[27.429,48.798],[27.427,48.794],[27.421,48.79],[27.419,48.787],[27.404,48.774],[27.408,48.768],[27.388,48.764],[27.393,48.757],[27.394,48.753],[27.413,48.74],[27.407,48.712],[27.415,48.699],[27.406,48.695],[27.399,48.688],[27.39,48.674],[27.388,48.661],[27.38,48.651],[27.373,48.631],[27.42,48.615],[27.465,48.578],[27.483,48.526],[27.498,48.484],[27.533,48.469],[27.561,48.483],[27.599,48.491],[27.594,48.476],[27.589,48.466],[27.644,48.442],[27.682,48.441],[27.748,48.458],[27.786,48.447],[27.82,48.419],[27.846,48.415],[27.873,48.405],[27.878,48.388],[27.888,48.367],[27.939,48.337],[27.964,48.325],[28.015,48.326],[28.059,48.323],[28.085,48.307],[28.089,48.272],[28.079,48.246],[28.09,48.234],[28.106,48.231],[28.139,48.249],[28.144,48.263],[28.178,48.257],[28.187,48.251],[28.186,48.216],[28.203,48.205],[28.219,48.206],[28.275,48.229],[28.303,48.241],[28.316,48.235],[28.329,48.237],[28.343,48.247],[28.359,48.243],[28.369,48.224],[28.362,48.192],[28.347,48.178],[28.307,48.161],[28.307,48.139],[28.34,48.134],[28.356,48.139],[28.372,48.165],[28.41,48.177],[28.433,48.168],[28.439,48.141],[28.422,48.122],[28.438,48.097],[28.464,48.074],[28.49,48.066],[28.501,48.067],[28.494,48.073],[28.497,48.088],[28.499,48.115],[28.5,48.121],[28.521,48.138],[28.53,48.153],[28.543,48.165],[28.557,48.171],[28.57,48.176],[28.576,48.175],[28.571,48.174],[28.592,48.173],[28.615,48.16],[28.635,48.155],[28.648,48.143],[28.678,48.143],[28.688,48.125],[28.722,48.126],[28.755,48.136],[28.795,48.126],[28.8,48.13],[28.814,48.124],[28.837,48.124],[28.847,48.115],[28.858,48.103],[28.851,48.079],[28.857,48.074],[28.874,48.075],[28.926,48.095],[28.928,48.098],[28.945,48.157],[28.977,48.152],[28.994,48.152],[29.001,48.148],[29.007,48.148],[29.019,48.131],[29.033,48.126],[29.034,48.132],[29.05,48.15],[29.045,48.162],[29.054,48.182],[29.061,48.184],[29.061,48.186],[29.059,48.193],[29.065,48.195],[29.082,48.188],[29.086,48.187],[29.134,48.153],[29.15,48.151],[29.148,48.142],[29.168,48.14],[29.182,48.141],[29.209,48.134],[29.213,48.143],[29.23,48.141],[29.25,48.15],[29.252,48.138],[29.261,48.133],[29.254,48.128],[29.249,48.13],[29.235,48.12],[29.226,48.123],[29.221,48.125],[29.203,48.12],[29.211,48.115],[29.217,48.105],[29.228,48.103],[29.236,48.109],[29.247,48.111],[29.258,48.112],[29.257,48.107],[29.265,48.094],[29.279,48.09],[29.312,48.086],[29.344,48.094],[29.352,48.09],[29.372,48.09],[29.383,48.103],[29.443,48.122],[29.473,48.122],[29.486,48.107],[29.53,48.098],[29.544,48.101],[29.565,48.101],[29.574,48.104],[29.588,48.102],[29.581,48.111],[29.593,48.116],[29.602,48.133],[29.637,48.112],[29.664,48.108],[29.657,48.119],[29.663,48.12],[29.668,48.121],[29.676,48.163],[29.661,48.184],[29.667,48.196],[29.69,48.193],[29.732,48.203],[29.768,48.203],[29.78,48.205],[29.779,48.213],[29.772,48.224],[29.771,48.257],[29.772,48.268],[29.76,48.278],[29.754,48.284],[29.749,48.289],[29.76,48.298],[29.764,48.296],[29.771,48.302],[29.769,48.309],[29.773,48.313],[29.784,48.33],[29.8,48.332],[29.805,48.347],[29.813,48.35],[29.806,48.36],[29.791,48.366],[29.871,48.416],[29.884,48.43],[29.907,48.437],[29.926,48.443],[29.936,48.443],[29.951,48.45],[29.955,48.454],[29.954,48.463],[29.968,48.472],[29.967,48.492],[29.981,48.493],[30.001,48.492],[30.003,48.515],[29.991,48.514],[29.993,48.52],[30.006,48.518],[30.011,48.52],[30.021,48.519],[30.02,48.539],[30.008,48.542],[30.008,48.545],[30.003,48.552],[30.003,48.56],[30.003,48.573],[29.971,48.584],[29.956,48.584],[29.952,48.601],[29.951,48.609],[29.984,48.611],[29.991,48.616],[29.989,48.621],[29.993,48.632],[29.978,48.635],[29.968,48.643],[29.96,48.65],[29.945,48.658],[29.947,48.67],[29.873,48.703],[29.866,48.708],[29.863,48.712],[29.868,48.735],[29.884,48.736],[29.871,48.747],[29.865,48.76],[29.8,48.774],[29.793,48.781],[29.775,48.782],[29.762,48.847],[29.743,48.853],[29.728,48.886],[29.712,48.892],[29.708,48.898],[29.736,48.908],[29.7,48.917],[29.682,48.914],[29.665,48.925],[29.653,48.938],[29.652,48.96],[29.683,49.007],[29.689,49.014],[29.682,49.022],[29.683,49.026],[29.669,49.024],[29.65,49.017],[29.628,49.024],[29.614,49.042],[29.605,49.056],[29.629,49.046],[29.63,49.051],[29.641,49.057],[29.65,49.097],[29.66,49.094],[29.682,49.102],[29.682,49.112],[29.726,49.12],[29.731,49.132],[29.712,49.143],[29.718,49.157],[29.719,49.17],[29.718,49.182],[29.727,49.181],[29.726,49.202],[29.704,49.225],[29.727,49.221],[29.735,49.227],[29.724,49.231],[29.716,49.241],[29.71,49.263],[29.697,49.257],[29.663,49.25],[29.64,49.247],[29.613,49.265],[29.617,49.274],[29.619,49.28],[29.611,49.291],[29.615,49.302],[29.618,49.305],[29.573,49.324],[29.563,49.322],[29.553,49.322],[29.522,49.337],[29.521,49.354],[29.514,49.367],[29.503,49.385],[29.506,49.395],[29.562,49.415],[29.575,49.428],[29.594,49.443],[29.567,49.46],[29.55,49.475],[29.546,49.487],[29.553,49.495],[29.568,49.498],[29.584,49.507],[29.57,49.504],[29.54,49.521],[29.543,49.532],[29.544,49.538],[29.536,49.543],[29.499,49.594],[29.502,49.6],[29.512,49.613],[29.516,49.622],[29.532,49.631],[29.521,49.641],[29.505,49.649],[29.482,49.649],[29.425,49.652],[29.401,49.653],[29.38,49.619],[29.37,49.62],[29.34,49.615],[29.326,49.628],[29.275,49.59],[29.25,49.596],[29.221,49.59],[29.203,49.594],[29.188,49.587],[29.157,49.591],[29.133,49.59],[29.105,49.594],[29.079,49.592],[29.062,49.592],[29.027,49.59],[28.985,49.603],[29.01,49.633],[28.982,49.645],[28.986,49.65],[28.95,49.674],[28.948,49.683],[28.966,49.7],[28.98,49.702],[28.991,49.719],[29.0,49.727],[29.002,49.74],[28.966,49.776],[28.971,49.803],[28.961,49.821],[28.945,49.82],[28.937,49.853],[28.91,49.867],[28.896,49.873],[28.882,49.886],[28.868,49.889],[28.844,49.86],[28.814,49.853],[28.785,49.843],[28.751,49.823],[28.759,49.818],[28.735,49.803],[28.726,49.797],[28.722,49.805],[28.711,49.818],[28.688,49.814],[28.667,49.808],[28.639,49.809],[28.633,49.813],[28.628,49.815],[28.613,49.811],[28.601,49.782],[28.563,49.787],[28.553,49.794],[28.542,49.806],[28.528,49.818],[28.481,49.807],[28.473,49.813],[28.454,49.821],[28.439,49.822],[28.423,49.824],[28.412,49.808],[28.379,49.781],[28.297,49.801],[28.263,49.8],[28.25,49.814],[28.245,49.798],[28.225,49.789],[28.216,49.786],[28.213,49.792],[28.152,49.789],[28.146,49.785],[28.111,49.774],[28.094,49.773],[28.019,49.772],[27.991,49.78],[27.958,49.779],[27.933,49.769],[27.894,49.764],[27.848,49.753],[27.835,49.757],[27.816,49.744],[27.817,49.735]]]]}},{"type":"Feature","properties":{"code":"Khmelnytskyi Oblast","name_uk":"Хмельницька область","alert_key":"Хмельницька область"},"geometry":{"type":"MultiPolygon","coordinates":[[[[26.22,50.18],[26.221,50.165],[26.217,50.158],[26.209,50.155],[26.223,50.143],[26.236,50.145],[26.235,50.131],[26.274,50.103],[26.205,50.09],[26.207,50.076],[26.206,50.065],[26.222,50.06],[26.225,50.054],[26.225,50.046],[26.216,50.036],[26.176,50.025],[26.19,50.02],[26.205,50.018],[26.211,50.016],[26.202,49.992],[26.173,49.994],[26.169,49.987],[26.152,49.976],[26.142,49.972],[26.148,49.968],[26.145,49.96],[26.166,49.922],[26.141,49.914],[26.133,49.898],[26.144,49.896],[26.163,49.888],[26.175,49.876],[26.201,49.866],[26.185,49.846],[26.189,49.832],[26.193,49.828],[26.205,49.821],[26.217,49.811],[26.219,49.798],[26.228,49.787],[26.226,49.78],[26.241,49.776],[26.236,49.771],[26.244,49.745],[26.214,49.735],[26.191,49.714],[26.209,49.708],[26.228,49.698],[26.249,49.682],[26.269,49.661],[26.269,49.655],[26.266,49.642],[26.253,49.633],[26.231,49.636],[26.216,49.619],[26.199,49.609],[26.208,49.594],[26.213,49.583],[26.207,49.577],[26.215,49.567],[26.219,49.554],[26.21,49.547],[26.2,49.551],[26.191,49.557],[26.176,49.549],[26.159,49.532],[26.157,49.52],[26.142,49.509],[26.152,49.504],[26.166,49.492],[26.188,49.481],[26.196,49.445],[26.2,49.439],[26.193,49.43],[26.208,49.421],[26.213,49.419],[26.216,49.421],[26.229,49.408],[26.225,49.403],[26.231,49.396],[26.229,49.386],[26.226,49.38],[26.222,49.376],[26.232,49.358],[26.241,49.355],[26.244,49.347],[26.235,49.35],[26.226,49.344],[26.23,49.323],[26.25,49.312],[26.246,49.3],[26.258,49.288],[26.249,49.286],[26.257,49.277],[26.248,49.279],[26.244,49.272],[26.258,49.264],[26.246,49.257],[26.247,49.249],[26.243,49.243],[26.222,49.246],[26.203,49.245],[26.201,49.237],[26.199,49.227],[26.202,49.22],[26.196,49.212],[26.183,49.196],[26.195,49.178],[26.19,49.172],[26.2,49.167],[26.194,49.162],[26.192,49.152],[26.195,49.136],[26.206,49.133],[26.196,49.129],[26.2,49.115],[26.203,49.114],[26.203,49.096],[26.2,49.091],[26.197,49.082],[26.195,49.073],[26.216,49.072],[26.197,49.065],[26.183,49.056],[26.191,49.044],[26.208,49.036],[26.199,49.029],[26.205,49.017],[26.216,49.006],[26.212,49.0],[26.194,49.001],[26.193,49.004],[26.176,48.995],[26.207,48.988],[26.207,48.978],[26.196,48.974],[26.182,48.978],[26.18,48.976],[26.177,48.969],[26.205,48.959],[26.207,48.949],[26.207,48.947],[26.194,48.927],[26.199,48.918],[26.184,48.916],[26.186,48.91],[26.203,48.906],[26.22,48.913],[26.224,48.903],[26.216,48.9],[26.204,48.896],[26.214,48.882],[26.21,48.879],[26.212,48.869],[26.2,48.861],[26.203,48.855],[26.218,48.852],[26.222,48.843],[26.221,48.832],[26.234,48.819],[26.251,48.823],[26.259,48.815],[26.249,48.808],[26.24,48.812],[26.228,48.814],[26.225,48.808],[26.23,48.804],[26.236,48.795],[26.218,48.793],[26.216,48.802],[26.207,48.797],[26.215,48.78],[26.232,48.78],[26.238,48.769],[26.23,48.762],[26.246,48.756],[26.234,48.75],[26.223,48.752],[26.232,48.745],[26.242,48.74],[26.236,48.73],[26.232,48.714],[26.234,48.704],[26.233,48.701],[26.238,48.697],[26.222,48.693],[26.221,48.686],[26.234,48.681],[26.246,48.682],[26.242,48.676],[26.248,48.668],[26.269,48.672],[26.28,48.667],[26.278,48.66],[26.267,48.651],[26.278,48.649],[26.284,48.649],[26.296,48.652],[26.301,48.658],[26.31,48.654],[26.288,48.64],[26.297,48.635],[26.321,48.636],[26.321,48.627],[26.305,48.625],[26.293,48.626],[26.303,48.619],[26.317,48.615],[26.324,48.6],[26.338,48.596],[26.344,48.593],[26.342,48.586],[26.351,48.586],[26.36,48.588],[26.359,48.581],[26.341,48.574],[26.338,48.566],[26.353,48.56],[26.364,48.559],[26.358,48.546],[26.369,48.542],[26.379,48.556],[26.379,48.565],[26.391,48.56],[26.42,48.541],[26.432,48.548],[26.443,48.539],[26.48,48.547],[26.494,48.54],[26.537,48.486],[26.562,48.458],[26.596,48.451],[26.619,48.455],[26.622,48.475],[26.61,48.506],[26.63,48.508],[26.673,48.487],[26.708,48.49],[26.712,48.503],[26.685,48.522],[26.679,48.536],[26.661,48.541],[26.627,48.536],[26.618,48.543],[26.623,48.555],[26.651,48.561],[26.675,48.555],[26.718,48.532],[26.74,48.54],[26.743,48.555],[26.724,48.574],[26.721,48.585],[26.729,48.587],[26.746,48.582],[26.757,48.555],[26.769,48.547],[26.785,48.55],[26.795,48.566],[26.779,48.588],[26.785,48.601],[26.803,48.61],[26.824,48.606],[26.822,48.589],[26.84,48.56],[26.859,48.548],[26.883,48.542],[26.915,48.567],[26.936,48.576],[26.973,48.58],[26.988,48.59],[26.996,48.58],[27.029,48.565],[27.085,48.558],[27.109,48.556],[27.145,48.579],[27.161,48.585],[27.185,48.584],[27.223,48.565],[27.237,48.565],[27.258,48.569],[27.265,48.586],[27.235,48.606],[27.24,48.618],[27.261,48.628],[27.293,48.618],[27.313,48.6],[27.333,48.601],[27.348,48.61],[27.355,48.632],[27.373,48.631],[27.38,48.651],[27.388,48.661],[27.39,48.674],[27.399,48.688],[27.406,48.695],[27.415,48.699],[27.407,48.712],[27.413,48.74],[27.394,48.753],[27.393,48.757],[27.388,48.764],[27.408,48.768],[27.404,48.774],[27.419,48.787],[27.421,48.79],[27.427,48.794],[27.429,48.798],[27.411,48.814],[27.414,48.837],[27.415,48.846],[27.415,48.851],[27.415,48.882],[27.394,48.9],[27.394,48.926],[27.392,48.931],[27.391,48.939],[27.402,48.952],[27.412,48.956],[27.418,48.954],[27.417,48.971],[27.396,48.99],[27.398,48.998],[27.383,49.008],[27.416,49.055],[27.428,49.064],[27.437,49.07],[27.463,49.071],[27.504,49.069],[27.484,49.084],[27.491,49.094],[27.492,49.122],[27.506,49.132],[27.515,49.127],[27.525,49.122],[27.537,49.127],[27.535,49.141],[27.542,49.135],[27.569,49.121],[27.596,49.134],[27.594,49.155],[27.619,49.162],[27.649,49.164],[27.671,49.151],[27.694,49.144],[27.7,49.139],[27.713,49.148],[27.741,49.142],[27.758,49.153],[27.759,49.163],[27.774,49.169],[27.78,49.178],[27.782,49.19],[27.795,49.177],[27.801,49.179],[27.812,49.188],[27.817,49.189],[27.828,49.18],[27.844,49.178],[27.855,49.169],[27.888,49.185],[27.894,49.209],[27.868,49.214],[27.857,49.237],[27.871,49.242],[27.869,49.25],[27.858,49.256],[27.849,49.265],[27.857,49.278],[27.863,49.278],[27.863,49.293],[27.852,49.312],[27.854,49.322],[27.853,49.334],[27.829,49.351],[27.815,49.356],[27.817,49.367],[27.828,49.375],[27.816,49.379],[27.812,49.388],[27.824,49.391],[27.832,49.406],[27.852,49.427],[27.827,49.421],[27.791,49.434],[27.783,49.438],[27.769,49.44],[27.751,49.439],[27.757,49.463],[27.776,49.475],[27.791,49.488],[27.767,49.489],[27.756,49.492],[27.74,49.492],[27.739,49.498],[27.736,49.511],[27.742,49.522],[27.749,49.53],[27.763,49.53],[27.776,49.52],[27.787,49.528],[27.794,49.536],[27.786,49.543],[27.795,49.553],[27.774,49.567],[27.758,49.576],[27.771,49.589],[27.783,49.597],[27.79,49.605],[27.811,49.615],[27.767,49.667],[27.762,49.697],[27.801,49.701],[27.806,49.71],[27.817,49.735],[27.801,49.729],[27.781,49.728],[27.758,49.746],[27.749,49.757],[27.732,49.764],[27.706,49.779],[27.715,49.783],[27.723,49.793],[27.716,49.806],[27.692,49.802],[27.664,49.795],[27.66,49.799],[27.655,49.802],[27.646,49.808],[27.644,49.816],[27.638,49.821],[27.637,49.825],[27.633,49.825],[27.629,49.833],[27.622,49.839],[27.627,49.85],[27.619,49.856],[27.622,49.861],[27.616,49.873],[27.625,49.892],[27.605,49.891],[27.596,49.896],[27.577,49.904],[27.569,49.91],[27.564,49.907],[27.566,49.902],[27.548,49.902],[27.549,49.909],[27.557,49.935],[27.575,49.949],[27.568,49.956],[27.562,49.984],[27.546,50.0],[27.557,50.012],[27.569,50.02],[27.61,50.006],[27.658,50.033],[27.671,50.026],[27.681,50.035],[27.68,50.04],[27.678,50.042],[27.678,50.054],[27.678,50.061],[27.675,50.069],[27.67,50.073],[27.667,50.077],[27.615,50.086],[27.623,50.105],[27.631,50.112],[27.638,50.115],[27.625,50.124],[27.632,50.134],[27.631,50.145],[27.636,50.143],[27.652,50.153],[27.674,50.158],[27.679,50.161],[27.664,50.193],[27.642,50.173],[27.621,50.198],[27.612,50.195],[27.593,50.215],[27.598,50.23],[27.597,50.249],[27.578,50.259],[27.567,50.253],[27.563,50.248],[27.542,50.246],[27.521,50.225],[27.481,50.252],[27.46,50.257],[27.442,50.26],[27.424,50.275],[27.416,50.275],[27.404,50.282],[27.391,50.29],[27.404,50.289],[27.412,50.291],[27.412,50.294],[27.417,50.295],[27.416,50.3],[27.403,50.313],[27.353,50.331],[27.337,50.332],[27.316,50.331],[27.323,50.353],[27.32,50.365],[27.249,50.393],[27.254,50.413],[27.292,50.457],[27.302,50.493],[27.276,50.49],[27.262,50.495],[27.263,50.504],[27.259,50.514],[27.223,50.528],[27.203,50.545],[27.196,50.562],[27.149,50.563],[27.124,50.573],[27.13,50.581],[27.12,50.591],[27.112,50.593],[27.091,50.587],[27.08,50.584],[27.078,50.577],[27.068,50.565],[27.075,50.555],[27.057,50.552],[27.007,50.54],[26.983,50.523],[26.941,50.53],[26.917,50.537],[26.879,50.534],[26.871,50.521],[26.856,50.509],[26.834,50.523],[26.819,50.513],[26.799,50.502],[26.784,50.502],[26.781,50.495],[26.77,50.492],[26.765,50.489],[26.768,50.477],[26.761,50.47],[26.774,50.474],[26.79,50.473],[26.787,50.467],[26.775,50.468],[26.77,50.465],[26.767,50.467],[26.759,50.463],[26.741,50.464],[26.747,50.472],[26.735,50.477],[26.734,50.464],[26.738,50.452],[26.725,50.444],[26.716,50.426],[26.692,50.42],[26.66,50.392],[26.621,50.371],[26.588,50.346],[26.583,50.34],[26.563,50.321],[26.544,50.317],[26.533,50.306],[26.52,50.306],[26.523,50.299],[26.517,50.298],[26.511,50.29],[26.508,50.288],[26.515,50.281],[26.503,50.282],[26.494,50.28],[26.499,50.271],[26.495,50.267],[26.504,50.262],[26.479,50.265],[26.453,50.26],[26.452,50.264],[26.439,50.26],[26.436,50.261],[26.427,50.262],[26.417,50.262],[26.397,50.265],[26.382,50.257],[26.379,50.251],[26.363,50.251],[26.353,50.244],[26.346,50.239],[26.325,50.231],[26.316,50.218],[26.31,50.215],[26.302,50.205],[26.305,50.198],[26.294,50.188],[26.287,50.184],[26.274,50.179],[26.257,50.18],[26.248,50.176],[26.245,50.174],[26.24,50.174],[26.231,50.173],[26.22,50.18]]]]}},{"type":"Feature","properties":{"code":"Cherkasy Oblast","name_uk":"Черкаська область","alert_key":"Черкаська область"},"geometry":{"type":"MultiPolygon","coordinates":[[[[29.736,49.229],[29.73,49.226],[29.718,49.221],[29.71,49.207],[29.728,49.182],[29.72,49.183],[29.716,49.171],[29.717,49.163],[29.71,49.155],[29.72,49.131],[29.733,49.122],[29.686,49.116],[29.678,49.112],[29.69,49.088],[29.656,49.093],[29.635,49.061],[29.642,49.054],[29.632,49.047],[29.614,49.056],[29.609,49.054],[29.621,49.038],[29.639,49.013],[29.653,49.014],[29.676,49.022],[29.686,49.025],[29.683,49.013],[29.69,49.012],[29.696,49.001],[29.661,48.949],[29.668,48.929],[29.669,48.921],[29.686,48.911],[29.712,48.911],[29.713,48.897],[29.707,48.897],[29.72,48.89],[29.732,48.855],[29.756,48.848],[29.766,48.786],[29.786,48.784],[29.805,48.778],[29.866,48.763],[29.859,48.759],[29.877,48.746],[29.881,48.732],[29.856,48.714],[29.861,48.709],[29.861,48.7],[29.917,48.672],[29.943,48.665],[29.956,48.659],[29.967,48.651],[29.976,48.643],[29.99,48.636],[29.989,48.627],[29.987,48.621],[29.99,48.614],[29.983,48.612],[29.95,48.606],[29.947,48.596],[29.96,48.583],[29.993,48.579],[30.006,48.573],[30.006,48.557],[30.007,48.549],[30.009,48.545],[30.014,48.542],[30.018,48.522],[30.017,48.518],[30.007,48.52],[29.999,48.521],[29.989,48.516],[30.0,48.514],[30.006,48.513],[29.981,48.494],[29.976,48.49],[29.961,48.473],[30.003,48.473],[30.05,48.483],[30.062,48.478],[30.083,48.466],[30.094,48.455],[30.121,48.454],[30.123,48.463],[30.131,48.464],[30.143,48.472],[30.157,48.485],[30.151,48.498],[30.22,48.48],[30.255,48.505],[30.327,48.522],[30.387,48.526],[30.403,48.574],[30.474,48.566],[30.486,48.565],[30.501,48.568],[30.507,48.563],[30.524,48.566],[30.526,48.566],[30.53,48.567],[30.54,48.571],[30.57,48.578],[30.568,48.593],[30.571,48.606],[30.541,48.621],[30.553,48.654],[30.6,48.679],[30.608,48.687],[30.602,48.699],[30.576,48.721],[30.592,48.721],[30.61,48.72],[30.636,48.739],[30.699,48.768],[30.751,48.761],[30.805,48.758],[30.821,48.764],[30.831,48.75],[30.846,48.752],[30.878,48.75],[30.897,48.747],[30.903,48.762],[30.933,48.762],[30.947,48.765],[30.942,48.771],[30.95,48.772],[30.957,48.767],[30.967,48.761],[30.994,48.765],[31.009,48.76],[31.02,48.762],[31.042,48.755],[31.056,48.756],[31.062,48.748],[31.067,48.74],[31.087,48.732],[31.087,48.738],[31.1,48.74],[31.114,48.728],[31.118,48.737],[31.126,48.742],[31.136,48.745],[31.152,48.741],[31.177,48.762],[31.195,48.761],[31.214,48.761],[31.216,48.768],[31.244,48.768],[31.253,48.765],[31.261,48.749],[31.28,48.755],[31.292,48.757],[31.31,48.759],[31.312,48.751],[31.32,48.74],[31.32,48.733],[31.326,48.73],[31.33,48.726],[31.354,48.727],[31.352,48.74],[31.37,48.735],[31.371,48.73],[31.385,48.729],[31.387,48.743],[31.394,48.748],[31.399,48.747],[31.392,48.737],[31.404,48.739],[31.414,48.749],[31.412,48.756],[31.419,48.756],[31.424,48.748],[31.424,48.743],[31.423,48.764],[31.496,48.797],[31.527,48.816],[31.562,48.835],[31.567,48.857],[31.576,48.873],[31.582,48.875],[31.574,48.881],[31.572,48.888],[31.578,48.895],[31.572,48.9],[31.582,48.913],[31.579,48.893],[31.586,48.891],[31.601,48.896],[31.602,48.903],[31.618,48.903],[31.639,48.908],[31.653,48.902],[31.667,48.901],[31.681,48.902],[31.69,48.896],[31.699,48.919],[31.696,48.927],[31.725,48.934],[31.77,48.935],[31.806,48.949],[31.808,48.944],[31.824,48.936],[31.835,48.937],[31.919,48.906],[31.912,48.887],[31.93,48.888],[31.941,48.899],[31.953,48.907],[31.957,48.908],[31.961,48.906],[31.998,48.916],[32.012,48.918],[32.027,48.931],[32.044,48.923],[32.08,48.921],[32.093,48.919],[32.095,48.913],[32.092,48.905],[32.097,48.906],[32.099,48.903],[32.105,48.911],[32.152,48.917],[32.144,48.951],[32.135,48.954],[32.136,48.965],[32.158,48.969],[32.178,48.973],[32.179,48.99],[32.186,48.995],[32.198,48.992],[32.216,48.987],[32.236,49.052],[32.238,49.062],[32.252,49.058],[32.262,49.059],[32.257,49.067],[32.26,49.078],[32.283,49.079],[32.291,49.079],[32.298,49.073],[32.315,49.081],[32.348,49.074],[32.353,49.069],[32.376,49.05],[32.372,49.046],[32.371,49.039],[32.378,49.037],[32.383,49.032],[32.398,49.028],[32.418,49.028],[32.435,49.039],[32.446,49.045],[32.453,49.039],[32.46,49.041],[32.462,49.037],[32.466,49.032],[32.472,49.01],[32.476,49.005],[32.498,49.013],[32.496,49.0],[32.504,48.993],[32.505,48.985],[32.515,48.978],[32.516,48.974],[32.514,48.968],[32.516,48.966],[32.511,48.963],[32.522,48.949],[32.524,48.944],[32.522,48.939],[32.552,48.942],[32.546,48.946],[32.541,48.952],[32.547,48.959],[32.539,48.967],[32.554,48.963],[32.578,48.959],[32.582,48.951],[32.589,48.954],[32.594,48.955],[32.603,48.962],[32.61,48.959],[32.612,48.954],[32.639,48.955],[32.642,48.954],[32.667,48.956],[32.675,48.96],[32.68,48.957],[32.671,48.978],[32.676,48.986],[32.696,48.983],[32.727,48.977],[32.731,48.975],[32.797,48.971],[32.845,48.981],[32.874,48.992],[32.858,48.998],[32.849,49.003],[32.845,49.012],[32.829,49.009],[32.831,49.017],[32.836,49.016],[32.838,49.023],[32.843,49.028],[32.829,49.075],[32.815,49.075],[32.844,49.088],[32.881,49.096],[32.896,49.11],[32.875,49.129],[32.824,49.135],[32.789,49.143],[32.777,49.142],[32.757,49.167],[32.768,49.171],[32.784,49.191],[32.809,49.211],[32.841,49.227],[32.847,49.249],[32.815,49.249],[32.807,49.243],[32.775,49.237],[32.759,49.234],[32.756,49.243],[32.735,49.253],[32.714,49.257],[32.679,49.256],[32.658,49.247],[32.634,49.26],[32.61,49.253],[32.597,49.276],[32.542,49.297],[32.509,49.306],[32.467,49.328],[32.479,49.341],[32.471,49.341],[32.461,49.343],[32.464,49.351],[32.478,49.366],[32.496,49.394],[32.503,49.398],[32.51,49.408],[32.523,49.395],[32.543,49.381],[32.566,49.381],[32.649,49.356],[32.675,49.352],[32.739,49.352],[32.738,49.373],[32.713,49.385],[32.692,49.385],[32.683,49.41],[32.668,49.427],[32.66,49.432],[32.654,49.439],[32.674,49.448],[32.672,49.487],[32.682,49.5],[32.71,49.499],[32.75,49.524],[32.752,49.544],[32.75,49.548],[32.753,49.562],[32.753,49.566],[32.757,49.575],[32.751,49.576],[32.748,49.574],[32.722,49.595],[32.701,49.6],[32.696,49.604],[32.712,49.61],[32.707,49.616],[32.711,49.623],[32.709,49.631],[32.703,49.635],[32.701,49.645],[32.707,49.648],[32.708,49.65],[32.708,49.653],[32.704,49.655],[32.7,49.659],[32.683,49.663],[32.673,49.671],[32.674,49.675],[32.662,49.681],[32.568,49.745],[32.556,49.773],[32.504,49.805],[32.437,49.821],[32.409,49.849],[32.393,49.885],[32.434,49.888],[32.414,49.903],[32.43,49.927],[32.419,49.935],[32.38,49.981],[32.37,50.001],[32.346,50.036],[32.348,50.048],[32.326,50.051],[32.314,50.039],[32.263,50.08],[32.264,50.087],[32.258,50.105],[32.287,50.12],[32.298,50.142],[32.173,50.172],[32.162,50.188],[32.112,50.212],[32.116,50.229],[32.086,50.222],[32.041,50.188],[31.998,50.202],[31.988,50.197],[31.983,50.177],[31.934,50.158],[31.958,50.141],[31.911,50.1],[31.909,50.06],[31.912,50.056],[31.917,50.06],[31.983,50.053],[31.968,50.044],[31.929,50.03],[31.909,50.018],[31.91,50.014],[31.915,49.984],[31.901,49.943],[31.89,49.952],[31.813,49.966],[31.795,49.934],[31.773,49.894],[31.715,49.851],[31.669,49.858],[31.617,49.88],[31.609,49.89],[31.613,49.906],[31.581,49.899],[31.579,49.895],[31.567,49.887],[31.557,49.875],[31.551,49.873],[31.546,49.873],[31.537,49.874],[31.532,49.873],[31.521,49.873],[31.518,49.865],[31.511,49.858],[31.514,49.847],[31.502,49.843],[31.494,49.861],[31.481,49.859],[31.471,49.874],[31.461,49.877],[31.431,49.899],[31.422,49.91],[31.423,49.933],[31.431,49.951],[31.445,49.974],[31.422,49.992],[31.413,49.99],[31.354,49.991],[31.311,49.993],[31.299,49.986],[31.305,49.973],[31.29,49.959],[31.289,49.952],[31.312,49.963],[31.346,49.949],[31.334,49.936],[31.354,49.929],[31.374,49.898],[31.366,49.896],[31.31,49.892],[31.291,49.883],[31.247,49.868],[31.208,49.848],[31.19,49.79],[31.205,49.757],[31.217,49.738],[31.222,49.733],[31.197,49.702],[31.217,49.695],[31.213,49.689],[31.206,49.687],[31.203,49.692],[31.2,49.687],[31.202,49.675],[31.136,49.604],[31.15,49.581],[31.145,49.571],[31.15,49.559],[31.142,49.558],[31.121,49.56],[31.11,49.557],[31.101,49.548],[31.099,49.541],[31.1,49.529],[31.094,49.517],[31.093,49.511],[31.097,49.504],[31.094,49.503],[31.088,49.496],[31.065,49.484],[31.048,49.478],[31.039,49.473],[31.045,49.461],[31.037,49.459],[31.029,49.472],[31.006,49.431],[30.991,49.422],[30.93,49.419],[30.935,49.406],[30.928,49.392],[30.926,49.379],[30.92,49.381],[30.897,49.363],[30.879,49.361],[30.873,49.356],[30.863,49.352],[30.839,49.353],[30.819,49.356],[30.779,49.344],[30.729,49.332],[30.709,49.336],[30.672,49.355],[30.663,49.354],[30.639,49.356],[30.586,49.352],[30.577,49.353],[30.559,49.346],[30.546,49.338],[30.539,49.331],[30.527,49.33],[30.509,49.333],[30.463,49.361],[30.445,49.353],[30.441,49.338],[30.413,49.331],[30.401,49.303],[30.384,49.255],[30.37,49.237],[30.366,49.245],[30.259,49.272],[30.237,49.27],[30.189,49.275],[30.148,49.327],[30.136,49.331],[30.128,49.313],[30.113,49.309],[30.121,49.295],[30.124,49.288],[30.118,49.28],[30.112,49.27],[30.089,49.285],[30.083,49.299],[30.084,49.307],[30.08,49.318],[30.069,49.326],[30.018,49.329],[30.007,49.316],[29.961,49.306],[29.949,49.312],[29.957,49.287],[29.956,49.252],[29.932,49.247],[29.921,49.23],[29.911,49.217],[29.899,49.204],[29.884,49.189],[29.858,49.188],[29.816,49.185],[29.761,49.179],[29.741,49.211],[29.745,49.217],[29.754,49.227],[29.736,49.229]]]]}},{"type":"Feature","properties":{"code":"Poltava Oblast","name_uk":"Полтавська область","alert_key":"Полтавська область"},"geometry":{"type":"MultiPolygon","coordinates":[[[[32.116,50.229],[32.112,50.212],[32.162,50.188],[32.173,50.172],[32.298,50.142],[32.287,50.12],[32.258,50.105],[32.264,50.087],[32.263,50.08],[32.314,50.039],[32.326,50.051],[32.348,50.048],[32.346,50.036],[32.37,50.001],[32.38,49.981],[32.419,49.935],[32.43,49.927],[32.414,49.903],[32.434,49.888],[32.393,49.885],[32.409,49.849],[32.437,49.821],[32.504,49.805],[32.556,49.773],[32.568,49.745],[32.662,49.681],[32.674,49.675],[32.673,49.671],[32.683,49.663],[32.7,49.659],[32.704,49.655],[32.708,49.653],[32.708,49.65],[32.707,49.648],[32.701,49.645],[32.703,49.635],[32.709,49.631],[32.711,49.623],[32.707,49.616],[32.712,49.61],[32.696,49.604],[32.701,49.6],[32.722,49.595],[32.748,49.574],[32.751,49.576],[32.757,49.575],[32.753,49.566],[32.753,49.562],[32.75,49.548],[32.752,49.544],[32.75,49.524],[32.71,49.499],[32.682,49.5],[32.672,49.487],[32.674,49.448],[32.654,49.439],[32.66,49.432],[32.668,49.427],[32.683,49.41],[32.692,49.385],[32.713,49.385],[32.738,49.373],[32.739,49.352],[32.675,49.352],[32.649,49.356],[32.566,49.381],[32.543,49.381],[32.523,49.395],[32.51,49.408],[32.503,49.398],[32.496,49.394],[32.478,49.366],[32.464,49.351],[32.461,49.343],[32.471,49.341],[32.479,49.341],[32.467,49.328],[32.509,49.306],[32.542,49.297],[32.597,49.276],[32.61,49.253],[32.634,49.26],[32.658,49.247],[32.679,49.256],[32.714,49.257],[32.735,49.253],[32.756,49.243],[32.759,49.234],[32.775,49.237],[32.807,49.243],[32.815,49.249],[32.847,49.249],[32.874,49.24],[32.891,49.232],[32.936,49.23],[32.944,49.232],[32.969,49.241],[32.988,49.23],[32.982,49.216],[32.989,49.206],[33.012,49.203],[33.026,49.19],[33.044,49.187],[33.056,49.185],[33.091,49.184],[33.121,49.175],[33.12,49.165],[33.158,49.13],[33.151,49.122],[33.156,49.099],[33.184,49.097],[33.197,49.089],[33.19,49.082],[33.2,49.074],[33.212,49.076],[33.224,49.084],[33.236,49.082],[33.245,49.079],[33.248,49.146],[33.24,49.167],[33.267,49.144],[33.273,49.135],[33.304,49.118],[33.283,49.098],[33.276,49.098],[33.262,49.092],[33.27,49.091],[33.279,49.087],[33.287,49.084],[33.32,49.062],[33.319,49.052],[33.32,49.051],[33.317,49.046],[33.321,49.043],[33.328,49.034],[33.312,49.017],[33.298,49.011],[33.298,49.004],[33.314,48.958],[33.33,48.952],[33.345,48.953],[33.354,48.948],[33.401,48.928],[33.403,48.956],[33.404,48.96],[33.413,48.957],[33.424,48.956],[33.418,48.953],[33.421,48.949],[33.432,48.957],[33.473,48.937],[33.474,48.915],[33.485,48.916],[33.497,48.924],[33.537,48.931],[33.546,48.92],[33.557,48.913],[33.574,48.915],[33.568,48.919],[33.582,48.916],[33.609,48.938],[33.611,48.953],[33.618,48.953],[33.617,48.958],[33.634,48.962],[33.648,48.977],[33.68,48.958],[33.718,48.94],[33.762,48.946],[33.803,48.94],[33.837,48.93],[33.872,48.909],[33.894,48.902],[33.926,48.88],[33.982,48.866],[34.011,48.867],[34.031,48.858],[34.035,48.844],[34.057,48.836],[34.075,48.824],[34.106,48.826],[34.125,48.818],[34.122,48.793],[34.15,48.775],[34.177,48.777],[34.202,48.76],[34.231,48.757],[34.26,48.743],[34.286,48.744],[34.293,48.727],[34.295,48.723],[34.306,48.727],[34.305,48.736],[34.314,48.739],[34.314,48.747],[34.316,48.757],[34.311,48.758],[34.321,48.768],[34.342,48.783],[34.314,48.785],[34.297,48.821],[34.329,48.822],[34.331,48.821],[34.34,48.825],[34.343,48.828],[34.33,48.828],[34.323,48.829],[34.336,48.844],[34.338,48.841],[34.351,48.85],[34.336,48.856],[34.306,48.885],[34.3,48.896],[34.353,48.984],[34.346,48.993],[34.332,49.009],[34.354,49.017],[34.364,49.028],[34.395,49.043],[34.416,49.055],[34.405,49.075],[34.402,49.094],[34.466,49.064],[34.5,49.061],[34.544,49.054],[34.547,49.055],[34.558,49.055],[34.569,49.067],[34.564,49.073],[34.566,49.083],[34.569,49.088],[34.572,49.095],[34.579,49.096],[34.587,49.095],[34.591,49.093],[34.595,49.094],[34.591,49.097],[34.589,49.105],[34.591,49.112],[34.598,49.11],[34.608,49.113],[34.621,49.121],[34.632,49.126],[34.637,49.127],[34.643,49.127],[34.646,49.129],[34.648,49.132],[34.652,49.123],[34.665,49.119],[34.68,49.13],[34.685,49.13],[34.687,49.133],[34.693,49.136],[34.696,49.132],[34.72,49.137],[34.741,49.145],[34.75,49.144],[34.764,49.15],[34.761,49.159],[34.758,49.168],[34.765,49.171],[34.767,49.17],[34.775,49.176],[34.784,49.179],[34.793,49.176],[34.804,49.179],[34.803,49.176],[34.809,49.175],[34.808,49.166],[34.815,49.169],[34.827,49.175],[34.822,49.176],[34.826,49.179],[34.826,49.182],[34.82,49.187],[34.857,49.191],[34.859,49.184],[34.884,49.178],[34.896,49.169],[34.883,49.168],[34.878,49.172],[34.867,49.165],[34.869,49.161],[34.889,49.153],[34.906,49.153],[34.912,49.154],[34.922,49.176],[34.931,49.186],[34.946,49.193],[34.948,49.192],[34.954,49.188],[34.959,49.189],[34.958,49.186],[34.962,49.19],[34.963,49.184],[34.977,49.181],[34.984,49.174],[34.989,49.167],[34.999,49.166],[35.007,49.153],[35.011,49.154],[35.011,49.149],[34.98,49.25],[35.011,49.3],[35.019,49.318],[35.037,49.332],[35.08,49.309],[35.096,49.302],[35.108,49.3],[35.125,49.303],[35.215,49.296],[35.241,49.297],[35.258,49.282],[35.273,49.284],[35.277,49.288],[35.279,49.292],[35.279,49.318],[35.319,49.375],[35.358,49.382],[35.348,49.405],[35.354,49.447],[35.316,49.456],[35.327,49.496],[35.462,49.484],[35.481,49.484],[35.485,49.517],[35.433,49.54],[35.427,49.55],[35.405,49.555],[35.41,49.562],[35.475,49.568],[35.465,49.603],[35.441,49.644],[35.424,49.664],[35.433,49.673],[35.42,49.671],[35.391,49.667],[35.331,49.681],[35.265,49.685],[35.256,49.709],[35.251,49.711],[35.242,49.713],[35.252,49.713],[35.265,49.715],[35.223,49.737],[35.211,49.749],[35.205,49.756],[35.212,49.772],[35.211,49.789],[35.2,49.796],[35.2,49.8],[35.206,49.804],[35.213,49.803],[35.222,49.807],[35.216,49.818],[35.209,49.834],[35.199,49.84],[35.164,49.853],[35.131,49.855],[35.105,49.858],[35.085,49.86],[35.068,49.859],[35.056,49.874],[35.063,49.882],[35.034,49.887],[34.98,49.89],[34.958,49.891],[34.912,49.935],[34.878,49.944],[34.868,49.948],[34.863,49.954],[34.87,49.957],[34.856,49.987],[34.881,50.006],[34.934,50.055],[34.965,50.075],[34.957,50.082],[34.95,50.094],[34.937,50.096],[34.941,50.153],[34.854,50.163],[34.843,50.16],[34.825,50.16],[34.801,50.155],[34.766,50.146],[34.745,50.144],[34.75,50.154],[34.75,50.158],[34.724,50.158],[34.707,50.152],[34.703,50.135],[34.696,50.133],[34.697,50.115],[34.692,50.11],[34.68,50.115],[34.675,50.126],[34.677,50.134],[34.675,50.13],[34.667,50.117],[34.665,50.111],[34.657,50.111],[34.654,50.115],[34.641,50.115],[34.624,50.117],[34.6,50.122],[34.593,50.127],[34.581,50.125],[34.573,50.121],[34.546,50.132],[34.539,50.141],[34.527,50.154],[34.526,50.172],[34.554,50.206],[34.571,50.227],[34.559,50.234],[34.561,50.229],[34.555,50.234],[34.552,50.246],[34.543,50.248],[34.529,50.247],[34.535,50.244],[34.526,50.243],[34.514,50.255],[34.519,50.252],[34.523,50.255],[34.52,50.258],[34.514,50.27],[34.512,50.275],[34.508,50.285],[34.457,50.285],[34.411,50.333],[34.392,50.345],[34.384,50.356],[34.39,50.367],[34.369,50.377],[34.364,50.377],[34.288,50.413],[34.272,50.432],[34.252,50.441],[34.255,50.489],[34.245,50.524],[34.219,50.534],[34.196,50.523],[34.171,50.525],[34.155,50.519],[34.138,50.513],[34.118,50.492],[34.104,50.482],[34.084,50.488],[34.106,50.504],[34.087,50.511],[34.071,50.516],[34.054,50.513],[34.057,50.509],[34.057,50.506],[34.041,50.506],[34.028,50.5],[34.03,50.512],[34.006,50.52],[33.955,50.547],[33.913,50.515],[33.897,50.523],[33.879,50.53],[33.839,50.522],[33.84,50.519],[33.819,50.517],[33.815,50.508],[33.822,50.507],[33.843,50.505],[33.846,50.492],[33.839,50.493],[33.83,50.482],[33.788,50.478],[33.785,50.463],[33.762,50.461],[33.735,50.459],[33.621,50.482],[33.612,50.487],[33.582,50.491],[33.564,50.493],[33.538,50.49],[33.532,50.481],[33.525,50.48],[33.504,50.493],[33.505,50.497],[33.486,50.482],[33.478,50.489],[33.433,50.485],[33.434,50.476],[33.42,50.491],[33.413,50.5],[33.375,50.521],[33.317,50.533],[33.291,50.545],[33.282,50.551],[33.263,50.548],[33.257,50.544],[33.248,50.542],[33.243,50.53],[33.234,50.515],[33.226,50.51],[33.214,50.507],[33.182,50.517],[33.173,50.523],[33.153,50.521],[33.134,50.511],[33.119,50.505],[33.069,50.518],[33.06,50.518],[33.033,50.502],[33.023,50.502],[33.027,50.493],[33.016,50.471],[32.988,50.474],[32.979,50.463],[32.968,50.459],[32.969,50.452],[32.965,50.444],[32.95,50.446],[32.937,50.431],[32.921,50.425],[32.915,50.412],[32.91,50.406],[32.838,50.375],[32.796,50.371],[32.791,50.368],[32.788,50.366],[32.787,50.362],[32.793,50.347],[32.765,50.349],[32.75,50.36],[32.743,50.352],[32.742,50.357],[32.73,50.356],[32.672,50.37],[32.634,50.357],[32.579,50.359],[32.556,50.355],[32.545,50.355],[32.526,50.346],[32.498,50.363],[32.494,50.366],[32.486,50.375],[32.491,50.39],[32.492,50.393],[32.489,50.397],[32.477,50.397],[32.402,50.412],[32.368,50.416],[32.339,50.428],[32.33,50.426],[32.316,50.417],[32.306,50.401],[32.295,50.398],[32.278,50.38],[32.252,50.373],[32.26,50.367],[32.264,50.362],[32.257,50.358],[32.265,50.354],[32.254,50.347],[32.239,50.353],[32.227,50.351],[32.143,50.349],[32.143,50.322],[32.14,50.305],[32.094,50.287],[32.087,50.284],[32.095,50.276],[32.09,50.247],[32.097,50.238],[32.116,50.229]]]]}},{"type":"Feature","properties":{"code":"Dnipropetrovsk Oblast","name_uk":"Дніпропетровська область","alert_key":"Дніпропетровська область"},"geometry":{"type":"MultiPolygon","coordinates":[[[[34.139,47.477],[34.234,47.494],[34.3,47.519],[34.424,47.53],[34.478,47.534],[34.528,47.554],[34.588,47.562],[34.67,47.556],[34.796,47.537],[34.84,47.521],[34.876,47.515],[34.929,47.525],[34.958,47.538],[34.957,47.569],[34.936,47.568],[34.946,47.574],[34.928,47.58],[34.936,47.582],[34.929,47.59],[34.932,47.593],[34.934,47.59],[34.937,47.598],[34.933,47.636],[34.906,47.674],[34.93,47.712],[34.952,47.727],[34.954,47.739],[34.958,47.77],[34.879,47.818],[34.897,47.853],[34.864,47.879],[34.85,47.877],[34.828,47.869],[34.802,47.916],[34.849,47.938],[34.881,47.929],[34.914,47.941],[34.912,47.958],[34.87,47.982],[34.858,48.015],[34.839,48.051],[34.855,48.133],[34.881,48.127],[34.92,48.115],[34.91,48.104],[34.93,48.093],[34.986,48.097],[34.996,48.092],[35.02,48.097],[35.045,48.108],[35.065,48.122],[35.102,48.132],[35.179,48.131],[35.21,48.14],[35.242,48.135],[35.265,48.142],[35.295,48.144],[35.338,48.123],[35.344,48.123],[35.353,48.121],[35.369,48.119],[35.378,48.118],[35.394,48.114],[35.405,48.112],[35.421,48.105],[35.45,48.103],[35.474,48.098],[35.479,48.097],[35.486,48.095],[35.519,48.095],[35.593,48.098],[35.743,48.096],[35.756,48.098],[35.776,48.097],[35.795,48.096],[35.817,48.066],[35.967,48.095],[35.976,48.086],[35.985,48.085],[35.977,48.078],[35.974,48.067],[35.975,48.059],[35.989,48.058],[35.983,48.057],[35.975,48.043],[36.058,48.047],[36.066,48.025],[36.042,48.004],[36.066,47.982],[36.048,47.966],[36.074,47.965],[36.109,47.942],[36.11,47.925],[36.122,47.9],[36.117,47.871],[36.087,47.861],[36.054,47.88],[36.069,47.867],[36.096,47.85],[36.102,47.843],[36.177,47.857],[36.197,47.857],[36.188,47.842],[36.193,47.838],[36.266,47.833],[36.276,47.815],[36.299,47.816],[36.328,47.823],[36.329,47.827],[36.323,47.836],[36.374,47.838],[36.398,47.831],[36.422,47.829],[36.47,47.824],[36.521,47.836],[36.577,47.88],[36.542,47.906],[36.59,47.921],[36.618,47.917],[36.629,47.962],[36.576,47.998],[36.586,48.0],[36.577,48.01],[36.572,48.01],[36.591,48.02],[36.574,48.04],[36.582,48.06],[36.578,48.062],[36.585,48.072],[36.581,48.077],[36.583,48.08],[36.588,48.08],[36.595,48.082],[36.6,48.089],[36.617,48.086],[36.626,48.085],[36.63,48.084],[36.632,48.087],[36.629,48.089],[36.64,48.089],[36.647,48.09],[36.649,48.093],[36.641,48.091],[36.644,48.097],[36.651,48.099],[36.658,48.098],[36.661,48.091],[36.668,48.091],[36.683,48.086],[36.711,48.08],[36.715,48.085],[36.722,48.081],[36.724,48.076],[36.731,48.069],[36.739,48.066],[36.748,48.061],[36.742,48.058],[36.744,48.052],[36.755,48.05],[36.761,48.052],[36.764,48.056],[36.773,48.048],[36.783,48.047],[36.794,48.048],[36.805,48.052],[36.808,48.047],[36.819,48.04],[36.834,48.035],[36.845,48.038],[36.855,48.035],[36.867,48.052],[36.882,48.062],[36.896,48.078],[36.88,48.182],[36.883,48.179],[36.894,48.18],[36.895,48.185],[36.893,48.191],[36.897,48.187],[36.902,48.188],[36.904,48.193],[36.915,48.194],[36.93,48.196],[36.912,48.309],[36.871,48.317],[36.809,48.348],[36.812,48.369],[36.828,48.369],[36.835,48.405],[36.833,48.408],[36.83,48.411],[36.826,48.412],[36.83,48.417],[36.837,48.42],[36.85,48.416],[36.85,48.421],[36.848,48.428],[36.837,48.443],[36.857,48.487],[36.889,48.521],[36.907,48.521],[36.885,48.542],[36.872,48.55],[36.866,48.56],[36.86,48.569],[36.824,48.57],[36.779,48.601],[36.739,48.626],[36.703,48.628],[36.674,48.618],[36.655,48.61],[36.59,48.608],[36.579,48.616],[36.562,48.623],[36.483,48.664],[36.423,48.635],[36.443,48.629],[36.44,48.614],[36.446,48.614],[36.427,48.614],[36.381,48.57],[36.355,48.532],[36.355,48.54],[36.296,48.531],[36.319,48.587],[36.252,48.621],[36.259,48.624],[36.262,48.631],[36.265,48.639],[36.266,48.648],[36.267,48.649],[36.283,48.659],[36.268,48.666],[36.258,48.667],[36.162,48.749],[36.159,48.768],[36.159,48.784],[36.123,48.805],[36.107,48.809],[36.092,48.809],[36.083,48.809],[36.072,48.809],[36.066,48.813],[36.069,48.823],[36.074,48.83],[36.076,48.833],[36.041,48.844],[36.04,48.874],[36.044,48.915],[36.004,48.946],[35.989,48.969],[35.935,48.994],[35.938,48.987],[35.931,48.98],[35.94,48.979],[35.938,48.974],[35.929,48.975],[35.918,48.969],[35.909,48.972],[35.897,48.972],[35.879,48.963],[35.857,48.945],[35.844,48.948],[35.83,48.95],[35.814,48.942],[35.809,48.939],[35.807,48.927],[35.792,48.935],[35.797,48.939],[35.8,48.944],[35.79,48.946],[35.789,48.954],[35.781,48.95],[35.769,48.953],[35.757,48.952],[35.752,48.947],[35.738,48.952],[35.736,48.959],[35.736,48.966],[35.728,48.964],[35.719,48.964],[35.717,48.96],[35.716,48.954],[35.702,48.946],[35.698,48.943],[35.692,48.945],[35.696,48.954],[35.697,48.964],[35.686,48.97],[35.677,48.971],[35.669,48.972],[35.66,48.975],[35.648,48.974],[35.645,48.968],[35.629,48.967],[35.629,48.981],[35.603,48.981],[35.596,48.987],[35.584,48.987],[35.581,48.98],[35.573,48.974],[35.561,48.974],[35.554,48.976],[35.541,48.978],[35.53,48.982],[35.513,48.981],[35.508,48.982],[35.496,48.978],[35.484,48.974],[35.485,48.978],[35.489,48.98],[35.478,48.979],[35.474,48.984],[35.458,48.988],[35.46,48.996],[35.452,48.999],[35.447,49.001],[35.436,49.004],[35.439,49.011],[35.427,49.011],[35.42,49.013],[35.411,49.012],[35.4,49.019],[35.403,49.024],[35.405,49.028],[35.401,49.03],[35.378,49.033],[35.366,49.037],[35.352,49.041],[35.338,49.05],[35.344,49.054],[35.335,49.061],[35.327,49.064],[35.316,49.068],[35.302,49.069],[35.308,49.073],[35.311,49.076],[35.311,49.088],[35.305,49.092],[35.293,49.095],[35.287,49.094],[35.283,49.095],[35.279,49.091],[35.269,49.096],[35.259,49.106],[35.247,49.112],[35.238,49.114],[35.228,49.101],[35.227,49.102],[35.222,49.105],[35.205,49.109],[35.19,49.11],[35.193,49.114],[35.208,49.118],[35.215,49.126],[35.228,49.127],[35.197,49.139],[35.191,49.14],[35.189,49.142],[35.188,49.145],[35.198,49.15],[35.21,49.151],[35.199,49.156],[35.177,49.159],[35.162,49.161],[35.154,49.154],[35.155,49.153],[35.132,49.154],[35.137,49.157],[35.128,49.161],[35.127,49.159],[35.124,49.164],[35.12,49.163],[35.11,49.157],[35.105,49.158],[35.094,49.154],[35.092,49.151],[35.087,49.144],[35.087,49.141],[35.079,49.148],[35.075,49.154],[35.081,49.161],[35.072,49.159],[35.076,49.17],[35.061,49.176],[35.057,49.176],[35.048,49.174],[35.043,49.155],[35.011,49.149],[35.011,49.154],[35.007,49.153],[34.999,49.166],[34.989,49.167],[34.984,49.174],[34.977,49.181],[34.963,49.184],[34.962,49.19],[34.958,49.186],[34.959,49.189],[34.954,49.188],[34.948,49.192],[34.946,49.193],[34.931,49.186],[34.922,49.176],[34.912,49.154],[34.906,49.153],[34.889,49.153],[34.869,49.161],[34.867,49.165],[34.878,49.172],[34.883,49.168],[34.896,49.169],[34.884,49.178],[34.859,49.184],[34.857,49.191],[34.82,49.187],[34.826,49.182],[34.826,49.179],[34.822,49.176],[34.827,49.175],[34.815,49.169],[34.808,49.166],[34.809,49.175],[34.803,49.176],[34.804,49.179],[34.793,49.176],[34.784,49.179],[34.775,49.176],[34.767,49.17],[34.765,49.171],[34.758,49.168],[34.761,49.159],[34.764,49.15],[34.75,49.144],[34.741,49.145],[34.72,49.137],[34.696,49.132],[34.693,49.136],[34.687,49.133],[34.685,49.13],[34.68,49.13],[34.665,49.119],[34.652,49.123],[34.648,49.132],[34.646,49.129],[34.643,49.127],[34.637,49.127],[34.632,49.126],[34.621,49.121],[34.608,49.113],[34.598,49.11],[34.591,49.112],[34.589,49.105],[34.591,49.097],[34.595,49.094],[34.591,49.093],[34.587,49.095],[34.579,49.096],[34.572,49.095],[34.569,49.088],[34.566,49.083],[34.564,49.073],[34.569,49.067],[34.558,49.055],[34.547,49.055],[34.544,49.054],[34.5,49.061],[34.466,49.064],[34.402,49.094],[34.405,49.075],[34.416,49.055],[34.395,49.043],[34.364,49.028],[34.354,49.017],[34.332,49.009],[34.346,48.993],[34.353,48.984],[34.3,48.896],[34.306,48.885],[34.336,48.856],[34.351,48.85],[34.338,48.841],[34.336,48.844],[34.323,48.829],[34.33,48.828],[34.343,48.828],[34.34,48.825],[34.331,48.821],[34.329,48.822],[34.297,48.821],[34.314,48.785],[34.342,48.783],[34.321,48.768],[34.311,48.758],[34.316,48.757],[34.314,48.747],[34.314,48.739],[34.305,48.736],[34.306,48.727],[34.295,48.723],[34.293,48.727],[34.286,48.744],[34.26,48.743],[34.231,48.757],[34.202,48.76],[34.177,48.777],[34.15,48.775],[34.122,48.793],[34.125,48.818],[34.106,48.826],[34.075,48.824],[34.057,48.836],[34.035,48.844],[34.031,48.858],[34.011,48.867],[33.982,48.866],[33.926,48.88],[33.894,48.902],[33.863,48.837],[33.848,48.803],[33.851,48.771],[33.829,48.774],[33.811,48.803],[33.793,48.794],[33.77,48.799],[33.744,48.79],[33.72,48.81],[33.715,48.814],[33.699,48.812],[33.698,48.811],[33.685,48.814],[33.663,48.802],[33.638,48.79],[33.616,48.793],[33.602,48.799],[33.587,48.78],[33.578,48.78],[33.585,48.755],[33.593,48.748],[33.619,48.728],[33.65,48.725],[33.682,48.723],[33.746,48.693],[33.805,48.688],[33.802,48.663],[33.759,48.648],[33.763,48.643],[33.764,48.626],[33.755,48.623],[33.746,48.619],[33.745,48.617],[33.737,48.617],[33.731,48.615],[33.722,48.613],[33.66,48.586],[33.656,48.592],[33.65,48.6],[33.626,48.602],[33.623,48.567],[33.584,48.576],[33.512,48.559],[33.503,48.56],[33.484,48.548],[33.48,48.536],[33.489,48.44],[33.495,48.405],[33.493,48.395],[33.485,48.393],[33.468,48.388],[33.473,48.37],[33.46,48.358],[33.462,48.349],[33.474,48.329],[33.506,48.333],[33.51,48.292],[33.514,48.29],[33.514,48.282],[33.513,48.278],[33.535,48.252],[33.546,48.235],[33.536,48.228],[33.522,48.224],[33.513,48.231],[33.498,48.217],[33.491,48.208],[33.496,48.202],[33.479,48.194],[33.428,48.184],[33.431,48.17],[33.375,48.162],[33.357,48.159],[33.317,48.152],[33.307,48.128],[33.317,48.124],[33.302,48.119],[33.298,48.111],[33.277,48.103],[33.276,48.139],[33.247,48.152],[33.213,48.17],[33.227,48.149],[33.229,48.126],[33.218,48.122],[33.185,48.105],[33.222,48.108],[33.224,48.115],[33.235,48.113],[33.222,48.106],[33.154,48.084],[33.142,48.076],[33.149,48.068],[33.148,48.042],[33.116,48.061],[33.11,48.064],[33.106,48.065],[33.103,48.056],[33.109,48.042],[33.037,48.032],[33.036,48.017],[33.033,48.014],[33.022,48.013],[33.024,48.001],[33.02,47.99],[33.019,47.985],[32.995,47.984],[32.995,47.967],[33.008,47.937],[33.004,47.913],[33.078,47.92],[33.07,47.883],[33.061,47.859],[33.061,47.833],[33.058,47.82],[33.062,47.804],[33.066,47.784],[33.055,47.76],[33.072,47.739],[33.009,47.726],[32.994,47.63],[33.001,47.621],[33.015,47.621],[32.999,47.615],[32.987,47.613],[32.983,47.604],[32.981,47.606],[32.975,47.603],[32.971,47.603],[32.96,47.593],[33.095,47.597],[33.172,47.567],[33.198,47.57],[33.226,47.574],[33.234,47.577],[33.236,47.563],[33.218,47.548],[33.222,47.54],[33.215,47.533],[33.229,47.531],[33.242,47.53],[33.262,47.541],[33.279,47.546],[33.288,47.542],[33.287,47.525],[33.279,47.517],[33.31,47.502],[33.314,47.489],[33.314,47.483],[33.33,47.51],[33.326,47.523],[33.474,47.587],[33.584,47.588],[33.592,47.574],[33.609,47.561],[33.593,47.544],[33.571,47.524],[33.588,47.502],[33.604,47.51],[33.644,47.485],[33.935,47.516],[33.942,47.508],[33.951,47.462],[33.978,47.459],[33.997,47.459],[34.061,47.469],[34.139,47.477]]]]}},{"type":"Feature","properties":{"code":"Kirovohrad Oblast","name_uk":"Кіровоградська область","alert_key":"Кіровоградська область"},"geometry":{"type":"MultiPolygon","coordinates":[[[[30.307,48.142],[30.321,48.143],[30.327,48.16],[30.35,48.168],[30.367,48.175],[30.39,48.166],[30.428,48.166],[30.436,48.173],[30.451,48.17],[30.475,48.167],[30.496,48.17],[30.5,48.165],[30.527,48.18],[30.556,48.156],[30.584,48.157],[30.621,48.158],[30.637,48.167],[30.648,48.18],[30.684,48.188],[30.719,48.187],[30.792,48.168],[30.813,48.177],[30.819,48.188],[30.828,48.182],[30.855,48.161],[30.873,48.161],[30.894,48.165],[30.903,48.162],[30.907,48.164],[30.921,48.17],[30.931,48.166],[30.932,48.184],[30.955,48.181],[30.973,48.185],[30.989,48.184],[30.989,48.194],[31.053,48.232],[31.137,48.229],[31.155,48.223],[31.164,48.22],[31.168,48.215],[31.174,48.209],[31.186,48.197],[31.188,48.188],[31.179,48.182],[31.185,48.179],[31.22,48.171],[31.325,48.138],[31.338,48.115],[31.369,48.12],[31.382,48.132],[31.393,48.111],[31.421,48.112],[31.487,48.13],[31.476,48.083],[31.47,48.063],[31.493,48.05],[31.507,48.056],[31.509,48.069],[31.551,48.07],[31.559,48.11],[31.571,48.097],[31.584,48.106],[31.581,48.117],[31.585,48.121],[31.634,48.135],[31.64,48.125],[31.684,48.12],[31.685,48.115],[31.695,48.093],[31.783,48.042],[31.753,47.944],[31.766,47.945],[31.77,47.951],[31.779,47.956],[31.781,47.96],[31.785,47.955],[31.801,47.961],[31.844,47.964],[31.877,47.919],[31.876,47.912],[31.885,47.879],[31.857,47.865],[31.859,47.85],[31.857,47.839],[31.868,47.828],[31.827,47.817],[31.963,47.799],[32.013,47.816],[32.016,47.813],[32.06,47.804],[32.079,47.796],[32.09,47.782],[32.117,47.756],[32.134,47.756],[32.138,47.75],[32.146,47.751],[32.153,47.756],[32.156,47.759],[32.155,47.761],[32.16,47.751],[32.223,47.792],[32.237,47.815],[32.304,47.824],[32.31,47.818],[32.318,47.817],[32.324,47.814],[32.332,47.805],[32.346,47.799],[32.365,47.789],[32.368,47.793],[32.375,47.794],[32.387,47.799],[32.396,47.801],[32.402,47.798],[32.398,47.796],[32.415,47.797],[32.423,47.801],[32.426,47.794],[32.43,47.79],[32.624,47.813],[32.658,47.82],[32.664,47.84],[32.679,47.852],[32.669,47.853],[32.686,47.873],[32.656,47.905],[32.746,47.933],[32.736,47.944],[32.737,47.952],[32.689,47.983],[32.794,47.992],[32.802,47.981],[32.812,47.976],[32.835,47.983],[32.867,47.984],[32.888,48.009],[32.886,48.02],[32.87,48.032],[32.882,48.028],[32.913,48.038],[32.952,48.035],[33.004,47.989],[33.021,47.986],[33.025,47.997],[33.026,48.003],[33.03,48.014],[33.031,48.016],[33.032,48.031],[33.037,48.034],[33.104,48.048],[33.107,48.06],[33.109,48.066],[33.115,48.065],[33.143,48.064],[33.154,48.042],[33.144,48.067],[33.154,48.078],[33.225,48.092],[33.237,48.107],[33.225,48.112],[33.22,48.115],[33.187,48.104],[33.182,48.118],[33.218,48.124],[33.232,48.127],[33.217,48.148],[33.243,48.173],[33.272,48.154],[33.272,48.138],[33.293,48.102],[33.302,48.111],[33.316,48.118],[33.314,48.129],[33.291,48.15],[33.316,48.158],[33.36,48.163],[33.38,48.165],[33.432,48.171],[33.43,48.189],[33.477,48.2],[33.497,48.211],[33.485,48.214],[33.501,48.232],[33.511,48.219],[33.523,48.221],[33.536,48.23],[33.54,48.253],[33.53,48.276],[33.515,48.28],[33.518,48.284],[33.514,48.292],[33.518,48.329],[33.497,48.33],[33.478,48.349],[33.461,48.353],[33.473,48.368],[33.468,48.37],[33.485,48.388],[33.492,48.393],[33.497,48.394],[33.486,48.405],[33.469,48.534],[33.472,48.545],[33.482,48.558],[33.504,48.558],[33.509,48.568],[33.59,48.56],[33.609,48.599],[33.627,48.598],[33.652,48.592],[33.658,48.586],[33.7,48.606],[33.722,48.614],[33.732,48.614],[33.744,48.615],[33.742,48.617],[33.753,48.621],[33.761,48.624],[33.76,48.643],[33.763,48.647],[33.756,48.657],[33.805,48.684],[33.75,48.681],[33.73,48.692],[33.651,48.721],[33.635,48.724],[33.608,48.751],[33.59,48.753],[33.586,48.758],[33.583,48.781],[33.583,48.797],[33.604,48.792],[33.618,48.788],[33.659,48.793],[33.674,48.815],[33.689,48.808],[33.699,48.813],[33.706,48.814],[33.715,48.81],[33.725,48.789],[33.749,48.795],[33.772,48.792],[33.792,48.801],[33.819,48.776],[33.83,48.769],[33.853,48.779],[33.851,48.803],[33.874,48.84],[33.885,48.906],[33.854,48.919],[33.815,48.938],[33.786,48.94],[33.735,48.941],[33.699,48.945],[33.665,48.978],[33.637,48.974],[33.621,48.957],[33.616,48.956],[33.615,48.951],[33.601,48.942],[33.589,48.917],[33.581,48.921],[33.569,48.915],[33.575,48.911],[33.548,48.913],[33.54,48.92],[33.497,48.926],[33.492,48.923],[33.477,48.916],[33.478,48.934],[33.476,48.952],[33.431,48.952],[33.416,48.952],[33.422,48.951],[33.419,48.958],[33.407,48.96],[33.402,48.959],[33.399,48.952],[33.392,48.931],[33.352,48.953],[33.334,48.948],[33.32,48.949],[33.325,48.961],[33.301,49.006],[33.307,49.013],[33.328,49.025],[33.323,49.042],[33.317,49.042],[33.321,49.045],[33.318,49.051],[33.317,49.054],[33.311,49.063],[33.278,49.083],[33.271,49.089],[33.268,49.091],[33.263,49.094],[33.281,49.096],[33.288,49.097],[33.286,49.124],[33.268,49.134],[33.262,49.153],[33.238,49.166],[33.248,49.092],[33.241,49.079],[33.227,49.085],[33.223,49.077],[33.205,49.073],[33.195,49.08],[33.197,49.087],[33.187,49.096],[33.163,49.095],[33.157,49.113],[33.158,49.128],[33.133,49.157],[33.119,49.172],[33.102,49.185],[33.069,49.188],[33.051,49.185],[33.033,49.186],[33.021,49.198],[32.995,49.202],[32.983,49.211],[32.988,49.226],[32.983,49.24],[32.96,49.239],[32.939,49.232],[32.929,49.23],[32.882,49.234],[32.859,49.245],[32.822,49.219],[32.807,49.212],[32.775,49.186],[32.758,49.169],[32.762,49.151],[32.782,49.141],[32.795,49.138],[32.857,49.129],[32.89,49.127],[32.896,49.095],[32.857,49.09],[32.828,49.08],[32.823,49.073],[32.837,49.028],[32.842,49.024],[32.838,49.016],[32.834,49.014],[32.827,49.016],[32.836,49.008],[32.846,49.007],[32.853,49.0],[32.872,49.0],[32.844,48.99],[32.795,48.976],[32.733,48.965],[32.728,48.975],[32.698,48.974],[32.685,48.982],[32.671,48.983],[32.668,48.977],[32.678,48.957],[32.665,48.958],[32.653,48.953],[32.64,48.958],[32.623,48.956],[32.607,48.956],[32.608,48.965],[32.592,48.96],[32.591,48.955],[32.59,48.953],[32.577,48.952],[32.568,48.957],[32.556,48.966],[32.54,48.962],[32.543,48.957],[32.544,48.951],[32.549,48.945],[32.549,48.939],[32.519,48.94],[32.521,48.948],[32.51,48.96],[32.514,48.963],[32.513,48.966],[32.51,48.971],[32.514,48.976],[32.512,48.984],[32.502,48.988],[32.499,48.999],[32.499,49.003],[32.493,49.015],[32.473,49.007],[32.474,49.014],[32.474,49.033],[32.462,49.039],[32.456,49.039],[32.452,49.044],[32.443,49.053],[32.427,49.041],[32.397,49.026],[32.392,49.031],[32.379,49.038],[32.374,49.036],[32.37,49.047],[32.371,49.048],[32.366,49.072],[32.351,49.075],[32.349,49.079],[32.313,49.075],[32.298,49.079],[32.283,49.085],[32.267,49.081],[32.257,49.069],[32.265,49.067],[32.258,49.06],[32.243,49.062],[32.234,49.059],[32.218,48.987],[32.214,48.99],[32.192,48.995],[32.181,48.993],[32.182,48.986],[32.163,48.972],[32.135,48.966],[32.133,48.962],[32.131,48.951],[32.154,48.945],[32.146,48.912],[32.105,48.902],[32.097,48.908],[32.094,48.907],[32.086,48.905],[32.092,48.916],[32.083,48.917],[32.049,48.916],[32.041,48.922],[32.016,48.924],[32.004,48.913],[31.989,48.913],[31.959,48.908],[31.954,48.91],[31.945,48.906],[31.931,48.893],[31.921,48.88],[31.92,48.898],[31.876,48.919],[31.832,48.934],[31.818,48.94],[31.809,48.949],[31.797,48.94],[31.751,48.926],[31.698,48.931],[31.699,48.924],[31.696,48.907],[31.684,48.898],[31.68,48.901],[31.662,48.9],[31.64,48.9],[31.62,48.906],[31.608,48.9],[31.597,48.898],[31.599,48.893],[31.581,48.888],[31.595,48.906],[31.567,48.9],[31.577,48.897],[31.569,48.892],[31.581,48.885],[31.581,48.878],[31.58,48.872],[31.559,48.863],[31.554,48.837],[31.559,48.829],[31.528,48.804],[31.468,48.789],[31.436,48.754],[31.422,48.743],[31.419,48.752],[31.417,48.755],[31.411,48.755],[31.409,48.743],[31.393,48.735],[31.398,48.743],[31.396,48.749],[31.392,48.744],[31.384,48.735],[31.381,48.728],[31.369,48.732],[31.358,48.742],[31.355,48.731],[31.344,48.729],[31.325,48.728],[31.319,48.731],[31.317,48.735],[31.312,48.747],[31.313,48.753],[31.302,48.759],[31.285,48.759],[31.271,48.754],[31.253,48.759],[31.249,48.767],[31.231,48.766],[31.213,48.765],[31.206,48.756],[31.184,48.76],[31.173,48.762],[31.143,48.747],[31.13,48.737],[31.123,48.741],[31.117,48.73],[31.106,48.73],[31.093,48.741],[31.089,48.733],[31.069,48.737],[31.07,48.746],[31.058,48.755],[31.046,48.753],[31.039,48.76],[31.015,48.759],[31.002,48.757],[30.973,48.761],[30.961,48.764],[30.958,48.77],[30.944,48.772],[30.943,48.767],[30.946,48.76],[30.919,48.761],[30.896,48.757],[30.883,48.745],[30.87,48.751],[30.841,48.749],[30.828,48.757],[30.811,48.769],[30.753,48.771],[30.721,48.762],[30.638,48.752],[30.623,48.74],[30.603,48.722],[30.589,48.723],[30.598,48.704],[30.611,48.698],[30.606,48.687],[30.597,48.663],[30.53,48.628],[30.544,48.622],[30.559,48.596],[30.563,48.579],[30.567,48.567],[30.539,48.567],[30.53,48.566],[30.525,48.565],[30.508,48.568],[30.502,48.564],[30.486,48.569],[30.479,48.565],[30.453,48.583],[30.389,48.545],[30.362,48.526],[30.308,48.511],[30.255,48.489],[30.163,48.504],[30.152,48.492],[30.15,48.482],[30.131,48.471],[30.127,48.462],[30.12,48.46],[30.114,48.452],[30.088,48.458],[30.071,48.469],[30.051,48.482],[30.0,48.479],[29.968,48.472],[29.954,48.463],[29.955,48.454],[29.951,48.45],[29.936,48.443],[29.926,48.443],[29.907,48.437],[29.884,48.43],[29.871,48.416],[29.791,48.366],[29.806,48.36],[29.813,48.35],[29.805,48.347],[29.8,48.332],[29.784,48.33],[29.773,48.313],[29.769,48.309],[29.771,48.302],[29.764,48.296],[29.76,48.298],[29.749,48.289],[29.754,48.284],[29.76,48.278],[29.772,48.268],[29.771,48.257],[29.772,48.224],[29.779,48.213],[29.786,48.207],[29.794,48.201],[29.844,48.212],[29.866,48.198],[29.877,48.188],[29.906,48.205],[29.975,48.218],[29.99,48.231],[30.004,48.215],[30.008,48.201],[30.003,48.184],[30.016,48.186],[30.034,48.178],[30.042,48.163],[30.052,48.15],[30.068,48.145],[30.107,48.14],[30.13,48.148],[30.151,48.144],[30.165,48.145],[30.18,48.151],[30.189,48.155],[30.214,48.148],[30.264,48.148],[30.302,48.143],[30.307,48.142]]]]}},{"type":"Feature","properties":{"code":"Kyiv","name_uk":"м. Київ","alert_key":"м. Київ"},"geometry":{"type":"MultiPolygon","coordinates":[[[[30.828,50.405],[30.822,50.408],[30.809,50.41],[30.796,50.418],[30.802,50.423],[30.802,50.427],[30.79,50.433],[30.777,50.443],[30.743,50.458],[30.751,50.464],[30.752,50.468],[30.752,50.47],[30.75,50.474],[30.749,50.484],[30.754,50.49],[30.747,50.492],[30.738,50.499],[30.746,50.502],[30.749,50.505],[30.757,50.509],[30.761,50.517],[30.754,50.517],[30.823,50.537],[30.818,50.558],[30.816,50.565],[30.784,50.58],[30.771,50.576],[30.754,50.583],[30.717,50.59],[30.708,50.573],[30.714,50.556],[30.697,50.562],[30.67,50.554],[30.656,50.537],[30.594,50.536],[30.557,50.54],[30.554,50.531],[30.568,50.52],[30.556,50.513],[30.544,50.522],[30.533,50.534],[30.503,50.547],[30.491,50.568],[30.485,50.569],[30.465,50.572],[30.462,50.583],[30.371,50.586],[30.339,50.574],[30.327,50.565],[30.332,50.559],[30.331,50.557],[30.33,50.553],[30.329,50.55],[30.326,50.546],[30.301,50.553],[30.297,50.552],[30.302,50.547],[30.302,50.532],[30.29,50.526],[30.274,50.521],[30.26,50.51],[30.27,50.498],[30.266,50.493],[30.253,50.487],[30.25,50.474],[30.258,50.47],[30.24,50.452],[30.247,50.443],[30.243,50.439],[30.236,50.431],[30.245,50.424],[30.255,50.432],[30.269,50.426],[30.275,50.432],[30.281,50.447],[30.344,50.446],[30.344,50.454],[30.349,50.449],[30.352,50.446],[30.36,50.433],[30.394,50.406],[30.418,50.396],[30.422,50.393],[30.429,50.392],[30.43,50.372],[30.436,50.361],[30.438,50.357],[30.455,50.36],[30.468,50.36],[30.47,50.358],[30.468,50.353],[30.473,50.343],[30.478,50.34],[30.475,50.337],[30.485,50.334],[30.491,50.335],[30.489,50.327],[30.509,50.326],[30.534,50.317],[30.537,50.3],[30.546,50.291],[30.542,50.275],[30.553,50.263],[30.553,50.259],[30.576,50.259],[30.593,50.213],[30.637,50.235],[30.645,50.24],[30.633,50.251],[30.626,50.263],[30.616,50.272],[30.611,50.281],[30.646,50.286],[30.646,50.298],[30.623,50.329],[30.616,50.34],[30.625,50.349],[30.616,50.36],[30.636,50.362],[30.648,50.357],[30.676,50.353],[30.697,50.347],[30.713,50.355],[30.707,50.366],[30.715,50.369],[30.713,50.374],[30.717,50.382],[30.729,50.377],[30.746,50.371],[30.777,50.371],[30.774,50.374],[30.773,50.38],[30.779,50.383],[30.781,50.388],[30.775,50.394],[30.791,50.398],[30.814,50.392],[30.814,50.387],[30.822,50.399],[30.827,50.402],[30.828,50.405]],[[30.349,50.489],[30.344,50.487],[30.337,50.485],[30.331,50.484],[30.318,50.494],[30.326,50.493],[30.34,50.498],[30.341,50.498],[30.345,50.491],[30.349,50.489]]]]}},{"type":"Feature","properties":{"code":"Sevastopol","name_uk":"м. Севастополь","alert_key":"Севастополь"},"geometry":{"type":"MultiPolygon","coordinates":[[[[33.295,44.941],[33.27,44.901],[33.242,44.807],[33.246,44.763],[33.179,44.728],[33.141,44.696],[33.113,44.658],[33.096,44.618],[33.091,44.575],[33.099,44.533],[33.127,44.48],[33.174,44.435],[33.218,44.399],[33.266,44.354],[33.328,44.319],[33.383,44.302],[33.446,44.276],[33.495,44.251],[33.531,44.238],[33.582,44.222],[33.697,44.191],[33.766,44.392],[33.787,44.398],[33.802,44.402],[33.827,44.408],[33.857,44.42],[33.898,44.421],[33.909,44.419],[33.893,44.473],[33.887,44.482],[33.867,44.5],[33.871,44.505],[33.86,44.507],[33.846,44.519],[33.849,44.531],[33.839,44.538],[33.837,44.549],[33.827,44.563],[33.817,44.577],[33.811,44.574],[33.806,44.575],[33.795,44.58],[33.788,44.585],[33.783,44.606],[33.765,44.609],[33.742,44.605],[33.729,44.605],[33.716,44.62],[33.717,44.633],[33.725,44.64],[33.752,44.664],[33.753,44.669],[33.767,44.682],[33.762,44.701],[33.746,44.701],[33.727,44.717],[33.715,44.706],[33.705,44.709],[33.701,44.715],[33.659,44.714],[33.614,44.75],[33.682,44.77],[33.664,44.795],[33.603,44.81],[33.574,44.824],[33.562,44.841],[33.295,44.941]]]]}}]}